Drug_ID,Name,Synonyms,Drug_CID,Targets,Target_Pathway,Datasets,Screening_Site,Source_CID
1242,(5Z)-7-Oxozeaenol,"5Z-7-Oxozeaenol, LL-Z1640-2",9863776,TAK1,"Other, kinases",GDSC1,SANGER,GDSC
1824,123138,NA,NA,NA,Unclassified,GDSC2,SANGER,NA
1820,123829,NA,NA,NA,Unclassified,GDSC2,SANGER,NA
1836,150412,NA,NA,NA,Unclassified,GDSC2,SANGER,NA
179,5-Fluorouracil,5-FU,3385,Antimetabolite (DNA & RNA),Other,GDSC1,MGH,GDSC
1073,5-Fluorouracil,5-FU,3385,Antimetabolite (DNA & RNA),Other,GDSC2,SANGER,GDSC
2156,5-azacytidine,NA,9444,DNA methyltransferases,Other,GDSC2,SANGER,PubChem [ID Exchange]
1826,50869,NA,NA,NA,Unclassified,GDSC2,SANGER,NA
1839,615590,NA,NA,NA,Unclassified,GDSC2,SANGER,NA
1840,630600,NA,NA,NA,Unclassified,GDSC2,SANGER,NA
1829,667880,NA,NA,NA,Unclassified,GDSC2,SANGER,NA
1828,720427,NA,NA,NA,Unclassified,GDSC2,SANGER,NA
1832,729189,NA,NA,NA,Unclassified,GDSC2,SANGER,NA
1833,741909,NA,NA,NA,Unclassified,GDSC2,SANGER,NA
1834,743380,NA,NA,NA,Unclassified,GDSC2,SANGER,NA
1821,765771,NA,NA,NA,Unclassified,GDSC2,SANGER,NA
1844,776928,NA,NA,NA,Unclassified,GDSC2,SANGER,NA
1359,965-D2,NA,NA,"MKNK1, MKNK2, PIM1, PIM3","Other, kinases",GDSC1,SANGER,NA
1360,993-D2,NA,NA,"MKNK1, MKNK2","Other, kinases",GDSC1,SANGER,NA
2157,A-366,NA,76285486,"EHMT1, EHMT2",Chromatin histone methylation,GDSC2,SANGER,PubChem [ID Exchange]
86,A-443654,KIN001-139,10172943,"AKT1, AKT2, AKT3",PI3K/MTOR signaling,GDSC1,MGH,GDSC
55,A-770041,KIN001-111,9549184,"LCK, FYN","Other, kinases",GDSC1,MGH,GDSC
477,A-83-01,NA,16218924,TGFB,Other,GDSC1,MGH,PubChem [ID Exchange]
1910,ABT737,NA,11228183,"BCL2, BCL-XL,  BCL-W, BCL-B, BFL1",Apoptosis regulation,GDSC2,SANGER,GDSC
264,ACY-1215,NA,53340666,HDAC6,Chromatin histone acetylation,GDSC1,MGH,PubChem [ID Exchange]
1913,AGI-5198,IDH-C35,56645356,IDH1 (R132H),Metabolism,GDSC2,SANGER,GDSC
562,AGI-6780,NA,71299339,IDH2(R140Q),Metabolism,GDSC1,MGH,PubChem [ID Exchange]
1634,AGI-6780,AK162157,71299339,IDH2 R140Q mutant,Metabolism,GDSC2,SANGER,GDSC
2039,AGK2,NA,2130404,"BAZ2A, BAZ2B",Chromatin histone acetylation,GDSC2,SANGER,PubChem [ID Exchange]
1001,AICA Ribonucleotide,"AICAR, N1-(b-D-Ribofuranosyl)-5-aminoimidazole-4-carboxamide",65110,AMPK agonist,Metabolism,GDSC1,SANGER,GDSC
171,AKT inhibitor VIII,"Akti-1/2, KIN001-102",135398501,"AKT1, AKT2, AKT3",PI3K/MTOR signaling,GDSC1,MGH,GDSC [Legacy CID 10196499]
228,AKT inhibitor VIII,"Akti-1/2, KIN001-102",135398501,"AKT1, AKT2, AKT3",PI3K/MTOR signaling,GDSC1,MGH,GDSC [Legacy CID 10196499]
2045,AMG-319,AMG319,68947304,PI3K (beta sparing),PI3K/MTOR signaling,GDSC2,SANGER,GDSC
272,AR-42,"HDAC-42, AR 42, AR42",6918848,HDAC1,Chromatin histone acetylation,GDSC1,MGH,GDSC
474,ARRY-520,NA,44224257,KIF11,Mitosis,GDSC1,MGH,PubChem [ID Exchange]
207,AS601245,NA,10109823,"JNK1, JNK2, JNK2",JNK and p38 signaling,GDSC1,MGH,GDSC
224,AS605240,"KIN001-173, AS-605240",5289247,PI3Kgamma,PI3K/MTOR signaling,GDSC1,MGH,GDSC
381,AST-1306,NA,24739943,"EGFR, ERBB4",RTK signaling,GDSC1,MGH,PubChem [ID Exchange]
219,AT-7519,AT7519,11338033,"CDK1, CDK2, CDK4, CDK6, CDK9",Cell cycle,GDSC1,MGH,GDSC
2170,AT13148,NA,24905401,AKT1,PI3K/MTOR signaling,GDSC2,SANGER,PubChem [ID Exchange]
356,AT7867,NA,11175137,AKT,PI3K/MTOR signaling,GDSC1,MGH,PubChem [ID Exchange]
1184,AZ20,NA,46244454,ATR,Genome integrity,GDSC1,SANGER,PubChem [ID Exchange]
2109,AZ6102,NA,135905416,"TNKS1, TNKS2",WNT signaling,GDSC2,SANGER,GDSC [Legacy CID 91663328]
29,AZ628,"AZ-628, AZ 628",11676786,BRAF,ERK MAPK signaling,GDSC1,MGH,GDSC
1250,AZ960,"AZ 960, AZ-960",25099184,"JAK2, JAK3","Other, kinases",GDSC2,SANGER,GDSC
1449,AZD1208,SN1028350371,58423153,"PIM1, PIM2, PIM3","Other, kinases",GDSC1,SANGER,PubChem [ID Exchange]
1449,AZD1208,SN1028350371,58423153,"PIM1, PIM2, PIM3","Other, kinases",GDSC2,SANGER,PubChem [ID Exchange]
1463,AZD1332,SN1061387896,49831044,"NTRK1, NTRK2, NTRK3",RTK signaling,GDSC1,SANGER,PubChem [ID Exchange]
1463,AZD1332,SN1061387896,49831044,"NTRK1, NTRK2, NTRK3",RTK signaling,GDSC2,SANGER,PubChem [ID Exchange]
1432,AZD1480,SN1044232195,16659841,"JAK1, JAK2","Other, kinases",GDSC1,SANGER,PubChem [ID Exchange]
1441,AZD2014,SN1103949359,25262792,"mTORC1, mTORC2",PI3K/MTOR signaling,GDSC1,SANGER,PubChem [ID Exchange]
1441,AZD2014,SN1103949359,25262792,"mTORC1, mTORC2",PI3K/MTOR signaling,GDSC2,SANGER,PubChem [ID Exchange]
1382,AZD3514,SN1019841295,46893585,AR,Hormone-related,GDSC1,SANGER,PubChem [ID Exchange]
1915,AZD3759,NA,78209992,EGFR,EGFR signaling,GDSC2,SANGER,GDSC
1135,AZD4547,AZ6,51039095,"FGRF1, FGFR2, FGFR3",RTK signaling,GDSC1,SANGER,PubChem [ID Exchange]
1497,AZD4547,AZ6,51039095,"FGFR1, FGFR2, FGFR3",RTK signaling,GDSC1,SANGER,PubChem [ID Exchange]
1786,AZD4547,1035270-39-3,51039095,"FGFR1, FGFR2, FGFR3",RTK signaling,GDSC2,SANGER,GDSC
1409,AZD4877,SN1055467765,10368812,EG5,Mitosis,GDSC1,SANGER,PubChem [ID Exchange]
1706,AZD5153,"SN1045566955, AZD5153",118693659,BRD4,Chromatin other,GDSC2,SANGER,PubChem [ID Exchange]
1916,AZD5363,NA,25227436,"AKT1, AKT2, AKT3, ROCK2","Other, kinases",GDSC2,SANGER,GDSC
1401,AZD5438,SN1057898678,16747683,CDK2,Cell cycle,GDSC1,SANGER,PubChem [ID Exchange]
1401,AZD5438,SN1057898678,16747683,CDK2,Cell cycle,GDSC2,SANGER,PubChem [ID Exchange]
1427,AZD5582,SN1021632995,49847690,IAP,Other,GDSC1,SANGER,PubChem [ID Exchange]
1617,AZD5582,"GTPL7710, AOB5560",49847690,"XIAP, cIAP",Apoptosis regulation,GDSC2,SANGER,GDSC
1720,AZD5991,"SN1049446612, AZD5991",131634760,MCL1,Apoptosis regulation,GDSC2,SANGER,PubChem [ID Exchange]
1403,AZD6094,SN1042487586,68289010,MET,RTK signaling,GDSC1,SANGER,PubChem [ID Exchange]
156,AZD6482,"AZD 6482, AZD-6482, AK-55409",44137675,PI3Kbeta,PI3K/MTOR signaling,GDSC1,MGH,GDSC
1066,AZD6482,"AZD 6482, AZD-6482, AK-55409",44137675,PIK3CB,PI3K/MTOR signaling,GDSC1,SANGER,GDSC
2169,AZD6482,"AZD 6482, AZD-6482, AK-55409",44137675,PI3Kbeta,PI3K/MTOR signaling,GDSC2,SANGER,GDSC
1394,AZD6738,SN1034081770,54761306,ATR,Genome integrity,GDSC1,SANGER,PubChem [ID Exchange]
1917,AZD6738,"AZD 6738, AZD-6738",54761306,ATR,Genome integrity,GDSC2,SANGER,GDSC
1022,AZD7762,"AZD-7762, AZD 7762",11152667,"CHEK1, CHEK2",Cell cycle,GDSC1,SANGER,GDSC
1402,AZD7762,SN1031853762,11152667,"CHEK1, CHEK2",Cell cycle,GDSC1,SANGER,PubChem [ID Exchange]
1022,AZD7762,"AZD-7762, AZD 7762",11152667,"CHEK1, CHEK2",Cell cycle,GDSC2,SANGER,GDSC
1426,AZD7969,SN1098976045,NA,GSK3B,WNT signaling,GDSC1,SANGER,NA
1059,AZD8055,AZD-8055,25262965,"MTORC1, MTORC2",PI3K/MTOR signaling,GDSC1,SANGER,GDSC
1059,AZD8055,AZD-8055,25262965,"MTORC1, MTORC2",PI3K/MTOR signaling,GDSC2,SANGER,GDSC
1444,AZD8186,SN1028722848,52913813,"PI3Kbeta, PI3Kdelta",PI3K/MTOR signaling,GDSC1,SANGER,PubChem [ID Exchange]
1918,AZD8186,"AZD 8186, AZD-8186",52913813,"PI3Kalpha, PI3Kbeta",PI3K/MTOR signaling,GDSC2,SANGER,GDSC
1445,AZD8835,SN1040214596,76685059,"PI3Kalpha, PI3Kdelta",PI3K/MTOR signaling,GDSC1,SANGER,PubChem [ID Exchange]
1416,AZD8931,SN0216062465,11488320,"EGFR, ERBB2, ERBB3",RTK signaling,GDSC1,SANGER,PubChem [ID Exchange]
1803,Acetalax,Oxyphenisatin acetate,8269,NA,Unclassified,GDSC2,SANGER,PubChem [ID Exchange]
1804,Acetalax,Oxyphenisatin acetate,8269,NA,Unclassified,GDSC2,SANGER,PubChem [ID Exchange]
1032,Afatinib,"BIBW2992, Tovok, Gilotrif",10184653,"EGFR, ERBB2",EGFR signaling,GDSC1,SANGER,GDSC
1377,Afatinib,"BIBW2992, Tovok, Gilotrif",10184653,"EGFR, ERBB2",EGFR signaling,GDSC1,SANGER,GDSC
1032,Afatinib,"BIBW2992, Tovok, Gilotrif",10184653,"EGFR, ERBB2",EGFR signaling,GDSC2,SANGER,GDSC
1912,Afuresertib,"GSK2110183, GSK2110183C",46843057,"AKT1, AKT2, AKT3",PI3K/MTOR signaling,GDSC2,SANGER,GDSC
281,Alectinib,"CH5424802, CH 542802, Alecensa",49806720,ALK,RTK signaling,GDSC1,MGH,GDSC
431,Alisertib,MLN8237,24771867,AURKA,Mitosis,GDSC1,MGH,PubChem [ID Exchange]
1051,Alisertib,MLN8237,24771867,AURKA,Mitosis,GDSC2,SANGER,GDSC
1560,Alpelisib,"BYL719, BYL-719, NVP-BYL719",56649450,PI3Kalpha,PI3K/MTOR signaling,GDSC2,SANGER,GDSC
293,Amuvatinib,"MP470, MP 470, MP-470",11282283,"KIT, PDGFRA, FLT3",RTK signaling,GDSC1,MGH,GDSC
382,Apitolisib,GDC0980,25254071,"mTOR, PI3K",PI3K/MTOR signaling,GDSC1,MGH,PubChem [ID Exchange]
427,Ara-G,9-??-D-Arabinofuranosyl guanine,135402034,Anti-metabolite,Other,GDSC1,MGH,PubChem [ID Exchange]
205,Avagacestat,"BMS-708163, BMS 708163",46883536,"Amyloid beta20, Amyloid beta40",Other,GDSC1,MGH,GDSC
1072,Avagacestat,"BMS-708163, BMS 708163",46883536,"Amyloid beta20, Amyloid beta40",Other,GDSC1,SANGER,GDSC
1072,Avagacestat,"BMS-708163, BMS 708163",46883536,"Amyloid beta20, Amyloid beta40",Other,GDSC2,SANGER,GDSC
1021,Axitinib,"AG-13736, Inlyta",6450551,"PDGFR, KIT, VEGFR",RTK signaling,GDSC1,SANGER,GDSC
1021,Axitinib,"AG-13736, Inlyta",6450551,"PDGFR, KIT, VEGFR",RTK signaling,GDSC2,SANGER,GDSC
552,BAM7,NA,3101542,Bax activator,Other,GDSC1,MGH,PubChem [ID Exchange]
1362,BAY ACCi,NA,NA,ACACA,Metabolism,GDSC1,SANGER,NA
1363,BAY AKT1,NA,NA,"AKT1, AKT2, AKT3",Apoptosis regulation,GDSC1,SANGER,NA
178,BAY-61-3606,"Syk Inhibitor, BAY-613606",10200390,SYK,"Other, kinases",GDSC1,MGH,GDSC
1364,BAY-HDAC11_1,NA,NA,HDAC11,Chromatin histone acetylation,GDSC1,SANGER,NA
1365,BAY-HDAC11_2,NA,NA,HDAC11,Chromatin histone acetylation,GDSC1,SANGER,NA
1367,BAY-HDAC11_4,NA,NA,HDAC11,Chromatin histone acetylation,GDSC1,SANGER,NA
1370,BAY-MPS-combo 2 (paclitaxel 1 uM),NA,NA,TTK and microtubules,Unclassified,GDSC1,SANGER,NA
1369,BAY-MPS-combo-1 (paclitaxel 5 uM),NA,NA,TTK and microtubules,Mitosis,GDSC1,SANGER,NA
1368,BAY-MPS1,NA,NA,MPS1,Mitosis,GDSC1,SANGER,NA
1585,BDF00022089a,NA,NA,"BRPF1, BRPF2, BRPF3",Chromatin histone acetylation,GDSC2,SANGER,NA
1586,BDILV000379a,"4-(4-(1-methyl-1H-pyrazol-4-yl)-1-(2-(1-methyl-1H-pyrazol-4-yl)ethyl)-4,5-dihydro-1H-imidazol-5-yl)benzonitrile",NA,"BAZ2A, BAZ2B",Chromatin histone acetylation,GDSC2,SANGER,NA
1584,BDOCA000347a,"4-bromo-N-(6-methoxy-1,3-dimethyl-2-oxo-2,3-dihydro-1H-benzo[d]imidazol-5-yl)-2-methylbenzenesulfonamide",35397514,"BRPF1, BRPF2, BRPF3",Chromatin histone acetylation,GDSC2,SANGER,PubChem [ID Exchange]
1866,BDP-00009066,NA,132275018,MRCKB_HUMAN,Cytoskeleton,GDSC2,SANGER,Manual Search
1847,BEN,NA,2332,NA,Unclassified,GDSC2,SANGER,PubChem [ID Exchange]
60,BI-2536,NA,11364421,"PLK1, PLK2, PLK3",Cell cycle,GDSC1,MGH,GDSC
1086,BI-2536,NA,11364421,"PLK1, PLK2, PLK3",Cell cycle,GDSC2,SANGER,GDSC
380,BIBF-1120,NA,135423438,"VEGFR, PDGFR, FGFR",RTK signaling,GDSC1,MGH,PubChem [ID Exchange]
2043,BIBR-1532,NA,9927531,TERT,Genome integrity,GDSC2,SANGER,GDSC
279,BIX02189,BIX 02189,135659062,"MEK5, ERK5",ERK MAPK signaling,GDSC1,MGH,GDSC [Legacy CID 46931012]
203,BMS-345541,"BMS345541, IKK Inhibitor 3",9813758,"IKK1, IKK2","Other, kinases",GDSC1,MGH,GDSC
1249,BMS-345541,NA,9813758,"IKK-1, IKK-2",Other,GDSC2,SANGER,GDSC
63,BMS-509744,"KIN001-127, ITK inhibitor",20635522,ITK,"Other, kinases",GDSC1,MGH,GDSC
62,BMS-536924,BMS 536924,135440466,"IGF1R, IR",IGF1R signaling,GDSC1,MGH,GDSC [Legacy CID 10390396]
1091,BMS-536924,BMS 536924,135440466,"IGF1R, IR",IGF1R signaling,GDSC1,SANGER,GDSC [Legacy CID 10390396]
1091,BMS-536924,BMS 536924,135440466,"IGF1R, IR",IGF1R signaling,GDSC2,SANGER,GDSC [Legacy CID 10390396]
184,BMS-754807,"BMS754807, BMS 754807",24785538,"IGF1R, IR",RTK signaling,GDSC1,MGH,GDSC
2171,BMS-754807,BMS-754807,24785538,"IGF1R, IR",IGF1R signaling,GDSC2,SANGER,PubChem [ID Exchange]
1998,BPD-00008900,NA,NA,NA,Other,GDSC2,SANGER,NA
1425,BPTES,SN1041594574,3372016,GLS,Other,GDSC1,SANGER,PubChem [ID Exchange]
222,BX-912,NA,11754511,PDK1 (PDPK1),Metabolism,GDSC1,MGH,GDSC
1037,BX795,BX-795,10077147,"TBK1, PDK1 (PDPK1), IKK, AURKB, AURKC","Other, kinases",GDSC1,SANGER,GDSC
1037,BX795,BX-795,10077147,"TBK1, PDK1 (PDPK1), IKK, AURKB, AURKC","Other, kinases",GDSC2,SANGER,GDSC
274,Belinostat,"PXD101, PXD-101",6918638,HDAC1,Chromatin histone acetylation,GDSC1,MGH,GDSC
186,Bexarotene,"LG-100069, Targretin, Targret, Targrexin, Targretyn, Bexarotenum",82146,Retinioic X receptor (RXR) agonist,Other,GDSC1,MGH,GDSC
150,Bicalutamide,"ICI-176334, Casodex, Cosudex, ICI 176334",2375,AR,Hormone-related,GDSC1,MGH,GDSC
1502,Bicalutamide,"ICI-176334, Casodex, Cosudex, ICI 176334",2375,AR,Hormone-related,GDSC1,SANGER,GDSC
1502,Bicalutamide,"ICI-176334, Casodex, Cosudex, ICI 176334",2375,AR,Hormone-related,GDSC2,SANGER,GDSC
190,Bleomycin,NA,5460769,dsDNA break induction,DNA replication,GDSC1,MGH,Manual Search
1812,Bleomycin,NA,5460769,dsDNA break induction,DNA replication,GDSC2,SANGER,Manual Search
1392,Bleomycin (10 uM),NA,5460769,dsDNA break induction,DNA replication,GDSC1,SANGER,Manual Search
1378,Bleomycin (50 uM),NA,5460769,dsDNA break induction,DNA replication,GDSC1,SANGER,GDSC
1378,Bleomycin (50 uM),NA,5460769,dsDNA break induction,DNA replication,GDSC2,SANGER,GDSC
104,Bortezomib,"PS-341, LDP-341, Velcade",387447,Proteasome,Protein stability and degradation,GDSC1,MGH,GDSC
1191,Bortezomib,"PS-341, LDP-341, Velcade",387447,Proteasome,Protein stability and degradation,GDSC2,SANGER,GDSC
1019,Bosutinib,"SKI-606, Bosulif",5328940,"SRC, ABL, TEC","Other, kinases",GDSC1,SANGER,GDSC
1019,Bosutinib,"SKI-606, Bosulif",5328940,"SRC, ABL, TEC","Other, kinases",GDSC2,SANGER,GDSC
376,"Brivanib, BMS-540215",NA,11234052,"VEGFR, PDGFR",RTK signaling,GDSC1,MGH,PubChem [ID Exchange]
1581,Bromosporine,"ethyl N-[6-(3-methanesulfonamido-4-methylphenyl)-3-methyl-[1,2,4]triazolo[4,3-b]pyridazin-8-yl]carbamate",72943187,"CECR2, BRD2, BRD4, BRD9",Chromatin other,GDSC2,SANGER,PubChem [ID Exchange]
197,Bryostatin 1,Bryostatin,5280757,PKC,Other,GDSC1,MGH,GDSC
1873,Buparlisib,"BKM120, NVP-BKM120",66577015,"PI3Kalpha, PI3Kdelta, PI3Kbeta, PI3Kgamma",PI3K/MTOR signaling,GDSC2,SANGER,GDSC
435,C-75,NA,4248455,FAS,Apoptosis regulation,GDSC1,MGH,PubChem [ID Exchange]
436,"CAP-232, TT-232, TLN-232",NA,6918265,Glycolysis,Metabolism,GDSC1,MGH,"WebChem [PubChem, ChemSpider]"
416,CAY10566,NA,16732433,Stearoyl-CoA desaturase,Other,GDSC1,MGH,PubChem [ID Exchange]
276,CAY10603,NA,24951314,"HDAC1, HDAC6",Chromatin histone acetylation,GDSC1,MGH,GDSC
1170,CCT-018159,"CCT018159, CCT 018159",984170,HSP90,Protein stability and degradation,GDSC1,SANGER,GDSC [Legacy CID 5327091]
1170,CCT-018159,"CCT018159, CCT 018159",984170,HSP90,Protein stability and degradation,GDSC2,SANGER,GDSC [Legacy CID 5327091]
1067,CCT007093,NA,2314623,PPM1D,Cell cycle,GDSC1,SANGER,GDSC
1067,CCT007093,NA,2314623,PPM1D,Cell cycle,GDSC2,SANGER,GDSC
1187,CCT245232,NA,117996541,HSF1,Unclassified,GDSC1,SANGER,PubChem [ID Exchange]
1188,CCT245467,NA,NA,HSF1,Unclassified,GDSC1,SANGER,NA
449,CD532,NA,77232197,AURKA,Mitosis,GDSC1,MGH,PubChem [ID Exchange]
1709,CDK9_5038,"SN1047483750, CDK9_5038",NA,CDK9,Cell cycle,GDSC2,SANGER,NA
1708,CDK9_5576,"SN1047226266, CDK9_5576",NA,CDK9,Cell cycle,GDSC2,SANGER,NA
54,CGP-082996,"CINK4, KIN001-021",24825971,CDK4,Cell cycle,GDSC1,MGH,GDSC
53,CGP-60474,"KIN001-019, CGP60474, CGP 60474",644215,"CDK1,CDK2,CDK5,CDK7,CDK9, PKC",Cell cycle,GDSC1,MGH,GDSC
154,CHIR-99021,"CT 99021, CHIR99021, CHIR 99021",9956119,"GSK3A, GSK3B",WNT signaling,GDSC1,MGH,GDSC
1241,CHIR-99021,"CT 99021, CHIR99021, CHIR 99021",9956119,"GSK3A, GSK3B",WNT signaling,GDSC1,SANGER,GDSC
2175,CHIR-99021,"CT 99021, CHIR99021, CHIR 99021",9956119,"GSK3A, GSK3B",WNT signaling,GDSC2,SANGER,GDSC
362,CI-1033,NA,156414,"EGFR, ERBB2, ERBB4",RTK signaling,GDSC1,MGH,PubChem [ID Exchange]
1015,CI-1040,"CI 1040, PD-18435, PD-184352, 212631-79-3",6918454,"MEK1, MEK2",ERK MAPK signaling,GDSC1,SANGER,GDSC
64,CMK,KIN001-128,16663089,RSK2,"Other, kinases",GDSC1,MGH,GDSC
152,CP466722,"CP-466722, CP 466722, 1080622-86-1",44551660,ATM,Genome integrity,GDSC1,MGH,GDSC
255,CP724714,CP-724714,9874913,ERBB2,EGFR signaling,GDSC1,MGH,GDSC
415,CPI-613,NA,24770514,"Metabo, Mitochondria",Other,GDSC1,MGH,PubChem [ID Exchange]
2158,CPI-637,NA,121271792,EP300,Chromatin histone methylation,GDSC2,SANGER,PubChem [ID Exchange]
1071,CRT0105446,NA,117918919,"mTOR, LCK",PI3K/MTOR signaling,GDSC1,SANGER,Manual Search
1070,CRT0105950,NA,117918970,"JNK1, JNK2, JNK3",JNK and p38 signaling,GDSC1,SANGER,PubChem [ID Exchange]
1183,CRT0160829,NA,NA,CDC7,DNA replication,GDSC1,SANGER,NA
2149,CT7033-2,NA,NA,"KDM4A, KDM4C, KDM4E, KDM3A, KDM6B",Chromatin histone methylation,GDSC2,SANGER,NA
273,CUDC-101,CUDC 101,24756910,"HDAC1-10, EGFR, ERBB2",Other,GDSC1,MGH,GDSC
300,CX-5461,"CX5461, CX 5461",25257557,RNA Polymerase 1,Other,GDSC1,MGH,GDSC
1615,CZC24832,GTPL6653,42623951,PI3Kgamma,PI3K/MTOR signaling,GDSC2,SANGER,GDSC
249,Cabozantinib,"BMS-907351, XL-184, Cometriq",25102847,"VEGFR, MET, RET, KIT, FLT1, FLT3, FLT4, TIE2,AXL",RTK signaling,GDSC1,MGH,GDSC
1003,Camptothecin,"Camptothecine, (+)-Camptothecin",24360,TOP1,DNA replication,GDSC2,SANGER,GDSC
1136,Capivasertib,AZ5363,25227436,AKT,PI3K/MTOR signaling,GDSC1,SANGER,PubChem [ID Exchange]
1807,Carmustine,NA,2578,NA,NA,GDSC2,SANGER,PubChem [ID Exchange]
1922,Cediranib,"AZD2171, AZD 2171, AZD-2171, Recentin",9933475,"VEGFR, FLT1, FLT2, FLT3, FLT4, KIT, PDGFRB",RTK signaling,GDSC2,SANGER,GDSC
1114,Cetuximab,"Erbitux, IMC-C225, C225, IMC-225, L01XC06",85668777,EGFR,EGFR signaling,GDSC1,SANGER,GDSC
1005,Cisplatin,"cis-Diammineplatinum(II) dichloride, Platinol, CIS-DDP",5702198,DNA crosslinker,DNA replication,GDSC1,SANGER,PubChem [ID Exchange]
1496,Cisplatin,Cisplatin,5702198,DNA crosslinker,DNA replication,GDSC1,SANGER,PubChem [ID Exchange]
1005,Cisplatin,"cis-Diammineplatinum(II) dichloride, Platinol, CIS-DDP",5702198,DNA crosslinker,DNA replication,GDSC2,SANGER,PubChem [ID Exchange]
37,Crizotinib,"Xalkori, PF2341066, PF-2341066, PF 2341066",11626560,"MET, ALK, ROS1",RTK signaling,GDSC1,MGH,GDSC
1083,Crizotinib,"Xalkori, PF2341066, PF-2341066, PF 2341066",11626560,"MET, ALK, ROS1",RTK signaling,GDSC2,SANGER,GDSC
17,Cyclopamine,NA,442972,SMO,Other,GDSC1,MGH,PubChem [ID Exchange]
1512,Cyclophosphamide,"Cytoxan, Neosar, Cyclophosphamid, Procytox, Cyclophosphane",2907,Alkylating agent,DNA replication,GDSC2,SANGER,GDSC
1006,Cytarabine,"Ara-Cytidine, Arabinosyl Cytosine, U-19920",6253,Antimetabolite,Other,GDSC1,SANGER,GDSC
1006,Cytarabine,"Ara-Cytidine, Arabinosyl Cytosine, U-19920",6253,Antimetabolite,Other,GDSC2,SANGER,GDSC
165,DMOG,Dimethyloxalylglcine,560326,HIF-PH,Metabolism,GDSC1,MGH,GDSC
1373,Dabrafenib,"GSK2118436, Tafinlar",44462760,BRAF,ERK MAPK signaling,GDSC1,SANGER,GDSC
1373,Dabrafenib,"GSK2118436, Tafinlar",44462760,BRAF,ERK MAPK signaling,GDSC2,SANGER,GDSC
1815,Dacarbazine,DTIC,135398738,CP11A,Other,GDSC2,SANGER,PubChem [ID Exchange]
200,Dacinostat,"NVP-LAQ824, LAQ824",6445533,HDAC1,Chromatin histone acetylation,GDSC1,MGH,GDSC
1811,Dactinomycin,Actinomycin D,457193,RNA polymerase,Other,GDSC2,SANGER,PubChem [ID Exchange]
1911,Dactinomycin,"Actinomycin D, Cosmegen, Lyovac, Meractinomycin, Ac-De, ActD",457193,RNA polymerase,Other,GDSC2,SANGER,PubChem [ID Exchange]
1057,Dactolisib,"NVP-BEZ235, BEZ235",11977753,"PI3K (class 1), MTORC1, MTORC2",PI3K/MTOR signaling,GDSC1,SANGER,GDSC
1057,Dactolisib,"NVP-BEZ235, BEZ235",11977753,"PI3K (class 1), MTORC1, MTORC2",PI3K/MTOR signaling,GDSC2,SANGER,GDSC
1248,Daporinad,"APO866,  FK866, FK866",6914657,NAMPT,Metabolism,GDSC1,SANGER,GDSC
1248,Daporinad,"APO866,  FK866, FK866",6914657,NAMPT,Metabolism,GDSC2,SANGER,GDSC
51,Dasatinib,"BMS-354825-03, BMS-354825, Sprycel",3062316,"ABL, SRC, Ephrins, PDGFR, KIT",RTK signaling,GDSC1,MGH,GDSC
1079,Dasatinib,"BMS-354825-03, BMS-354825, Sprycel",3062316,"ABL, SRC, Ephrins, PDGFR, KIT","Other, kinases",GDSC2,SANGER,GDSC
1827,Dihydrorotenone,NA,243725,NA,Unclassified,GDSC2,SANGER,PubChem [ID Exchange]
1180,Dinaciclib,"SCH727965, SCH 727965, SCH-727-965, MK-7965",46926350,"CDK1, CDK2, CDK5, CDK9",Cell cycle,GDSC2,SANGER,GDSC
1007,Docetaxel,"RP-56976, Taxotere",148124,Microtubule stabiliser,Mitosis,GDSC1,SANGER,GDSC
1007,Docetaxel,"RP-56976, Taxotere",148124,Microtubule stabiliser,Mitosis,GDSC2,SANGER,GDSC
1819,Docetaxel,"RP-56976, Taxotere",148124,Microtubule stabiliser,Mitosis,GDSC2,SANGER,PubChem [ID Exchange]
1042,Doramapimod,"BIRB-796, BIRB 796",156422,"p38, JNK2",JNK and p38 signaling,GDSC1,SANGER,GDSC
1042,Doramapimod,"BIRB-796, BIRB 796",156422,"p38, JNK2",JNK and p38 signaling,GDSC2,SANGER,GDSC
133,Doxorubicin,"Doxil, Rubex, Adriamycin, Adriablastin, Doxorubicine",31703,Anthracycline,DNA replication,GDSC1,MGH,GDSC
1386,Doxorubicin,NA,31703,Anthracycline,DNA replication,GDSC1,SANGER,PubChem [ID Exchange]
1407,Dyrk1b_0191,SN1008982787,NA,DYRK1B,"Other, kinases",GDSC1,SANGER,NA
1069,EHT-1864,EHT 1864,9938202,"RAC1, RAC2, RAC3",Cytoskeleton,GDSC1,SANGER,GDSC
1069,EHT-1864,EHT 1864,9938202,"RAC1, RAC2, RAC3",Cytoskeleton,GDSC2,SANGER,GDSC
1237,EPZ004777,EPZ-004777,56962336,DOT1L,Chromatin histone methylation,GDSC2,SANGER,GDSC
1563,EPZ5676,"EPZ-5676, Pinometostat",57345410,DOT1L,Chromatin histone methylation,GDSC2,SANGER,GDSC
1713,ERK_2440,"SN1051032892, ERK_2440",NA,"ERK1,ERK2",ERK MAPK signaling,GDSC2,SANGER,NA
1714,ERK_6604,"SN1047587618, ERK_6604",NA,"ERK1,ERK2",ERK MAPK signaling,GDSC2,SANGER,NA
447,ETP-45835,NA,71755761,"MNK1, MNK2","Other, kinases",GDSC1,MGH,PubChem [ID Exchange]
1712,Eg5_9814,"SN1047613775, Eg5_9814",NA,KSP11,Other,GDSC2,SANGER,NA
1835,Elephantin,NA,442205,NA,Unclassified,GDSC2,SANGER,PubChem [ID Exchange]
1031,Elesclomol,STA-4783,300471,HSP90,Protein stability and degradation,GDSC1,SANGER,GDSC
1031,Elesclomol,STA-4783,300471,HSP90,Protein stability and degradation,GDSC2,SANGER,GDSC
172,Embelin,"Emberine, Embelic acid",3218,XIAP,Apoptosis regulation,GDSC1,MGH,GDSC
88,Entinostat,MS-275,4261,"HDAC1, HDAC3",Chromatin histone acetylation,GDSC1,MGH,GDSC
1593,Entinostat,MS-275,4261,"HDAC1, HDAC3",Chromatin histone acetylation,GDSC2,SANGER,GDSC
1630,Entospletinib,GS-9973,59473233,SYK,"Other, kinases",GDSC2,SANGER,GDSC
229,Enzastaurin,LY317615,176167,PKCB,"Other, kinases",GDSC1,MGH,GDSC
1413,EphB4_9721,SN1076287848,NA,EPHB4,RTK signaling,GDSC1,SANGER,NA
1511,Epirubicin,"Ellence, Farmorubicin, IMI-28",41867,Anthracycline,DNA replication,GDSC2,SANGER,GDSC
201,Epothilone B,"Patupilone, EpoB, EPO906, GNF-PF-193",448013,Microtubule stabiliser,Mitosis,GDSC1,MGH,GDSC
1,Erlotinib,"Tarceva, RG-1415, CP-358774, OSI-774, Ro-508231, R-1415",176870,EGFR,EGFR signaling,GDSC1,MGH,GDSC
1168,Erlotinib,"Tarceva, RG-1415, CP-358774, OSI-774, Ro-508231, R-1415",176870,EGFR,EGFR signaling,GDSC2,SANGER,GDSC
134,Etoposide,"Etopophos, Vepesid, Eposin, VP-16",36462,TOP2,DNA replication,GDSC1,MGH,GDSC
1419,FEN1_3940,SN1106019609,NA,FEN1,Genome integrity,GDSC1,SANGER,NA
1421,FGFR_0939,SN1043317881,NA,FGFR4,RTK signaling,GDSC1,SANGER,NA
1422,FGFR_3831,SN1037992934,NA,"FGFR1, FGFR2, FGFR3, FGFR4",RTK signaling,GDSC1,SANGER,NA
173,FH535,NA,3463933,"PPARgamma, PPARdelta",Other,GDSC1,MGH,GDSC
231,FMK,KIN001-242,644243,RSK,"Other, kinases",GDSC1,MGH,PubChem [ID Exchange]
263,FR-180204,"FR 180204, FR180204, ERK Inhibitor II",11493598,"ERK1, ERK2",ERK MAPK signaling,GDSC1,MGH,GDSC
1128,FS106,NA,NA,CHEK1,Cell cycle,GDSC1,SANGER,NA
1186,FS112,NA,NA,KS6B1 (p70S6K),PI3K/MTOR signaling,GDSC1,SANGER,NA
166,FTI-277,NA,3005532,Farnesyl-transferase (FNTA),Other,GDSC1,MGH,GDSC
546,FTY-720,Fingolimod hydrochloride; Gilenya; TDI-132; Imusera; Gilenia,107969,S1P,Other,GDSC1,MGH,PubChem [ID Exchange]
1198,FY012,NA,NA,NA,Unclassified,GDSC1,SANGER,NA
1195,FY026,"[(para-cymene)osmium(N,N-dimethylphenlyazopyridine)(iodide)]hexafluorophophate",NA,NA,Unclassified,GDSC1,SANGER,NA
1196,FY069,[(biphenyl)osmium(5-fluoro-phenlyazopyridine)(iodide)]hexafluorophophate,NA,NA,Unclassified,GDSC1,SANGER,NA
306,Fedratinib,"TG101348, TG-101348, SAR302503, SAR-302503",16722836,JAK2,"Other, kinases",GDSC1,MGH,GDSC
432,Flavopiridol,NA,5287969,CDK,Cell cycle,GDSC1,MGH,PubChem [ID Exchange]
1813,Fludarabine,Fludara,657237,Antimetabolite,DNA replication,GDSC2,SANGER,PubChem [ID Exchange]
308,Foretinib,"GSK1363089, XL-880, EXEL-2880, GSK089",42642645,"MET, KDR, TIE2, VEGFR3/FLT4, RON, PDGFR, FGFR1, EGFR",RTK signaling,GDSC1,MGH,GDSC
2040,Foretinib,"GSK1363089, XL-880, EXEL-2880, GSK089",42642645,"MET, KDR, TIE2, VEGFR3/FLT4, RON, PDGFR, FGFR1, EGFR",RTK signaling,GDSC2,SANGER,GDSC
1414,Fulvestrant,SN0117217688,104741,ESR1,Hormone-related,GDSC1,SANGER,PubChem [ID Exchange]
1200,Fulvestrant,"Faslodex, ICI-182780",104741,ESR,Hormone-related,GDSC2,SANGER,GDSC
1816,Fulvestrant,NA,104741,ESR,Hormone-related,GDSC2,SANGER,PubChem [ID Exchange]
1925,GDC0810,"GDC-0810, GDC 0810",56941241,"ESR1, ESR2",Hormone-related,GDSC2,SANGER,GDSC
1926,GNE-317,"GNE317, GNE 317",70676303,PI3Kalpha,PI3K/MTOR signaling,GDSC2,SANGER,GDSC
52,GNF-2,KIN001-013,5311510,BCR-ABL,ABL signaling,GDSC1,MGH,GDSC
1254,GSK-J4,NA,71729975,KDM6B,Chromatin histone methylation,GDSC1,SANGER,PubChem [ID Exchange]
1583,GSK-LSD1,"N-((1R,2S)-2-phenylcyclopropyl)piperidin-4-amine",71522234,KDM1,Chromatin histone methylation,GDSC2,SANGER,PubChem [ID Exchange]
2154,GSK-LSD1-2HCl ,NA,NA,LSD1,Chromatin histone methylation,GDSC2,SANGER,NA
374,GSK1059615,NA,23582824,PI3K,PI3K/MTOR signaling,GDSC1,MGH,PubChem [ID Exchange]
226,GSK1070916,GSK-1070916,46885626,"AURKA, AURKC",Mitosis,GDSC1,MGH,GDSC
202,GSK1904529A,"GSK-1904529A, GSK 1904529A",25124816,"IGF1R, IR",RTK signaling,GDSC1,MGH,GDSC
1093,GSK1904529A,"GSK-1904529A, GSK 1904529A",25124816,"IGF1R, IR",IGF1R signaling,GDSC2,SANGER,GDSC
1778,GSK2110183B,NA,46843056,"AKT1, AKT2, AKT3",PI3K/MTOR signaling,GDSC2,SANGER,PubChem [ID Exchange]
1776,GSK2256098C,NA,NA,FAK1,Cytoskeleton,GDSC2,SANGER,NA
1777,GSK2276186C,NA,NA,"JAK1, JAK2, JAK3","Other, kinases",GDSC2,SANGER,NA
1927,GSK2578215A,"GSK 2578215A,  GSK-2578215A",68107965,LRRK2,"Other, kinases",GDSC2,SANGER,GDSC
1618,GSK2606414,AK175551,53469448,PERK,Metabolism,GDSC2,SANGER,GDSC
127,GSK269962A,GSK 269962A,16095342,"ROCK1, ROCK2",Cytoskeleton,GDSC1,MGH,GDSC
1192,GSK269962A,GSK 269962A,16095342,"ROCK1, ROCK2",Cytoskeleton,GDSC1,SANGER,GDSC
1192,GSK269962A,GSK 269962A,16095342,"ROCK1, ROCK2",Cytoskeleton,GDSC2,SANGER,GDSC
1580,GSK2801,"1-(7-(2-methylsulfonyl-phenyl)-4-propoxy-1-aza-bicyclo[4.3.0]nona-2,4,6,8-tetraen-9-yl)-ethanone",73010930,NA,Chromatin other,GDSC2,SANGER,PubChem [ID Exchange]
2359,GSK2830371,None,70983932,WIP1,Other,GDSC2,SANGER,GDSC
1782,GSK2830371A,NA,NA,PPM1D,Other,GDSC2,SANGER,NA
91,GSK319347A,"KIN001-135, IKK-3 inhibitor",11626927,IKK,"Other, kinases",GDSC1,MGH,GDSC
1780,GSK3337463A,NA,NA,NIK,"Other, kinases",GDSC2,SANGER,NA
1627,GSK343,"GTPL8240, AOB3680, AK175558",71268957,EZH2,Chromatin histone methylation,GDSC2,SANGER,GDSC
2037,GSK343,NA,71268957,EZH2,Chromatin histone methylation,GDSC2,SANGER,PubChem [ID Exchange]
230,GSK429286A,NA,11373846,"ROCK1, ROCK2",Cytoskeleton,GDSC1,MGH,GDSC
2110,GSK591,"EPZ015866, GSK3203591",117072552,PMRT5,Chromatin histone methylation,GDSC2,SANGER,GDSC
1779,GSK626616AC,NA,NA,DYRK1A,"Other, kinases",GDSC2,SANGER,NA
177,GSK650394,"GSK-650394, GSK 650394",25022668,"SGK2, SGK3","Other, kinases",GDSC1,MGH,GDSC
326,GSK690693,"GSK 690693, GSK-690693",16725726,"AKT1, AKT2, AKT3",PI3K/MTOR signaling,GDSC1,MGH,GDSC
193,GW-2580,"GX2580, CFMS receptor tyrosine kinase inhibitor",11617559,CSF1R,RTK signaling,GDSC1,MGH,GDSC
1023,GW441756,GW 441756,9943465,NTRK1,RTK signaling,GDSC1,SANGER,GDSC
1023,GW441756,GW 441756,9943465,NTRK1,RTK signaling,GDSC2,SANGER,GDSC
87,GW843682X,GW843682X (AN-13),9826308,PLK1,Cell cycle,GDSC1,MGH,GDSC
1830,Gallibiscoquinazole,NA,353472,NA,Unclassified,GDSC2,SANGER,PubChem [ID Exchange]
1010,Gefitinib,"ZD-1839, Iressa",123631,EGFR,EGFR signaling,GDSC1,SANGER,GDSC
1010,Gefitinib,"ZD-1839, Iressa",123631,EGFR,EGFR signaling,GDSC2,SANGER,GDSC
135,Gemcitabine,"Gemzar, LY-188011",60750,Pyrimidine antimetabolite,DNA replication,GDSC1,MGH,GDSC
1393,Gemcitabine,NA,60750,Pyrimidine antimetabolite,DNA replication,GDSC1,SANGER,PubChem [ID Exchange]
1190,Gemcitabine,"Gemzar, LY-188011",60750,Pyrimidine antimetabolite,DNA replication,GDSC2,SANGER,GDSC
225,Genentech Cpd 10,NA,NA,"AURKA, AURKB",Mitosis,GDSC1,MGH,NA
1142,HG-5-113-01,NA,25226483,AURKA,Mitosis,GDSC1,SANGER,HMS-LINCS
1143,HG-5-88-01,NA,25226117,"TAK1, M4K2","Other, kinases",GDSC1,SANGER,HMS-LINCS
1204,HG-6-71-01,NA,71550931,"DDR1, DDR2, SRC","Other, kinases",GDSC1,SANGER,Manual Search
159,HG6-64-1,KIN001-206,53302361,BRAF,ERK MAPK signaling,GDSC1,MGH,GDSC
2010,HKMTI-1-005,NA,53315436,NA,Unclassified,GDSC2,SANGER,"WebChem [PubChem, ChemSpider]"
1232,I-BET-151,GSK12100151A,52912189,"BRD2, BRD3, BRD4",Chromatin other,GDSC1,SANGER,PubChem [ID Exchange]
275,I-BET-762,GSK525762A,46943432,"BRD2, BRD3, BRD4",Chromatin other,GDSC1,MGH,GDSC
1624,I-BET-762,GSK525762A,46943432,"BRD2, BRD3, BRD4",Chromatin other,GDSC2,SANGER,GDSC
1928,I-BRD9,"GSK602, GSK 602, GSK-602",91668541,BRD9,Chromatin other,GDSC2,SANGER,GDSC
1531,I-CBP112,NA,90488984,"EP300, CBP",Chromatin histone acetylation,GDSC1,SANGER,PubChem [ID Exchange]
1428,IAP_5620,SN1043546339,NA,IAP,Other,GDSC1,SANGER,NA
1428,IAP_5620,SN1043546339,NA,IAP,Other,GDSC2,SANGER,NA
1429,IAP_7638,SN1043547481,NA,IAP,Other,GDSC1,SANGER,NA
236,IC-87114,NA,9908783,PI3Kdelta,PI3K/MTOR signaling,GDSC1,MGH,PubChem [ID Exchange]
2011,ICL-SIRT078,NA,45168044,SIR2,Other,GDSC2,SANGER,"WebChem [PubChem, ChemSpider]"
1266,ICL1100013,NA,NA,N-myristoyltransferase 1/2,Other,GDSC1,SANGER,NA
1738,IGF1R_3801,"SN1051640224, IGF1R_3801",NA,IGFR1,IGF1R signaling,GDSC2,SANGER,NA
1430,IGFR_3801,SN1056768819,NA,IGFR1,IGF1R signaling,GDSC1,SANGER,NA
442,IMD-0354,NA,5081913,IKKb,"Other, kinases",GDSC1,MGH,PubChem [ID Exchange]
1230,IOX2,"IOX-2, IOX 2, AK176060",54685215,EGLN1,Other,GDSC1,SANGER,GDSC
2174,IOX2,"IOX-2, IOX 2, AK176060",54685215,EGLN1,Other,GDSC2,SANGER,GDSC
176,IPA-3,IPA 3,521106,PAK1,Cytoskeleton,GDSC1,MGH,GDSC
1716,IRAK4_4710,"SN1050852374, IRAK4_4710",NA,IRAK4,"Other, kinases",GDSC2,SANGER,NA
1576,IWP-2,Wnt Inhibitor IWP-2,2155128,PORCN,WNT signaling,GDSC2,SANGER,GDSC
1799,Ibrutinib,"PCI-32765, CRA-032765, PCI-32765-00",24821094,BTK,"Other, kinases",GDSC2,SANGER,GDSC
238,Idelalisib,"CAL-101, Zydelig",11625818,PI3Kdelta,PI3K/MTOR signaling,GDSC1,MGH,GDSC
34,Imatinib,"Gleevec, STI-571",5291,"ABL, KIT, PDGFR","Other, kinases",GDSC1,MGH,GDSC
1924,Ipatasertib,"GDC0068, GDC 0068, GDC-0068",24788740,"AKT1, AKT, AKT3",PI3K/MTOR signaling,GDSC2,SANGER,GDSC
1088,Irinotecan,"Camptosar, (+)-Irinotecan, Irinotecanum, irinotecan hydrochloride",60838,TOP1,DNA replication,GDSC2,SANGER,GDSC
208,Ispinesib Mesylate,SB-715992,6450816,KSP,Mitosis,GDSC1,MGH,GDSC
1433,JAK1_3715,SN1042605297,NA,JAK1,"Other, kinases",GDSC1,SANGER,NA
1718,JAK1_8709,"SN1049200060, JAK1_8709",NA,JAK1,"Other, kinases",GDSC2,SANGER,NA
1434,JAK3_7406,SN1014281280,NA,JAK3,"Other, kinases",GDSC1,SANGER,NA
1739,JAK_8517,"SN1066590414, JAK_8517",NA,"JAK1, JAK2","Other, kinases",GDSC2,SANGER,NA
284,JNJ38877605,NA,46911863,MET,RTK signaling,GDSC1,MGH,PubChem [ID Exchange]
1043,JNK Inhibitor VIII,NA,11624601,JNK,JNK and p38 signaling,GDSC1,SANGER,GDSC
1043,JNK Inhibitor VIII,NA,11624601,JNK,JNK and p38 signaling,GDSC2,SANGER,GDSC
157,JNK-9L,"KIN001-204, JNK inhibitor 9l",25222038,"JNK2, JNK3",JNK and p38 signaling,GDSC1,MGH,GDSC
1205,JNK-9L,NA,25222038,"BAZ2A, BAZ2B",NA,GDSC1,SANGER,GDSC
163,JQ1,"JQ-1, (+)-JQ-1",46907787,"BRD2, BRD3, BRD4, BRDT",Chromatin other,GDSC1,MGH,GDSC
1218,JQ1,"JQ-1, (+)-JQ-1",46907787,"BRD2, BRD3, BRD4, BRDT",Chromatin other,GDSC1,SANGER,GDSC
2172,JQ1,"JQ-1, (+)-JQ-1",46907787,"BRD2, BRD3, BRD4, BRDT",Chromatin other,GDSC2,SANGER,GDSC
164,JQ12,NA,6918878,"HDAC1, HDAC2",Chromatin histone acetylation,GDSC1,MGH,Manual Search
256,JW-7-24-1,NA,69923936,LCK,"Other, kinases",GDSC1,MGH,HMS-LINCS
83,JW-7-52-1,NA,49836027,MTOR,PI3K/MTOR signaling,GDSC1,MGH,GDSC
289,KIN001-042,NA,6539732,GSK3B,WNT signaling,GDSC1,MGH,HMS-LINCS
286,KIN001-236,NA,NA,"HDAC6, HDAC10",Chromatin histone acetylation,GDSC1,MGH,NA
287,KIN001-244,PDK1 inhibitor 7,56965967,PDK1,"Other, kinases",GDSC1,MGH,GDSC
290,KIN001-260,"Bayer IKKb inhibitor, ACHP",135465539,CDC7,DNA replication,GDSC1,MGH,GDSC [Legacy CID 10451420]
291,KIN001-266,NA,44143370,CDC7,DNA replication,GDSC1,MGH,GDSC
345,KIN001-270,"CDK9 inhibitor, CDK9-IN-1",66577006,CDK9,Other,GDSC1,MGH,GDSC
1855,KRAS (G12C) Inhibitor-12,GTPL8020,73555129,KRAS (G12C),ERK MAPK signaling,GDSC2,SANGER,GDSC
1030,KU-55933,KU55933,5278396,ATM,Genome integrity,GDSC1,SANGER,GDSC
1030,KU-55933,KU55933,5278396,ATM,Genome integrity,GDSC2,SANGER,GDSC
1185,KU-60019,NA,15953870,ATM,Genome integrity,GDSC1,SANGER,PubChem [ID Exchange]
563,Kobe2602,NA,3827738,RAS effector,RTK signaling,GDSC1,MGH,PubChem [ID Exchange]
1831,L-Oxonoreleagnine,NA,87371,NA,Unclassified,GDSC2,SANGER,PubChem [ID Exchange]
439,LCL161,NA,24737642,"XIAP, cIAP1, cIAP2",Apoptosis regulation,GDSC1,MGH,PubChem [ID Exchange]
1557,LCL161,NA,24737642,"XIAP, IAP1, IAP2",Apoptosis regulation,GDSC2,SANGER,GDSC
478,LDN-193189,NA,25195294,BMP,Other,GDSC1,MGH,PubChem [ID Exchange]
192,LFM-A13,DDE-28,54676905,BTK,"Other, kinases",GDSC1,MGH,GDSC
573,LGK974,NA,46926973,PORCN,WNT signaling,GDSC1,MGH,PubChem [ID Exchange]
1598,LGK974,LGK-974,46926973,PORCN,WNT signaling,GDSC2,SANGER,GDSC
406,LIMK1 inhibitor BMS4,NA,46192505,LIMK1,Cytoskeleton,GDSC1,MGH,Manual Search
2107,LJI308,NA,118704762,"RSK2, RSK1, RSK3",PI3K/MTOR signaling,GDSC2,SANGER,GDSC
1783,LMB_AB1,NA,NA,"ADRA1A, ADRB1",Other,GDSC2,SANGER,NA
1784,LMB_AB2,NA,NA,GADD34,Unclassified,GDSC2,SANGER,NA
1785,LMB_AB3,NA,NA,PPP1R15B,Other,GDSC2,SANGER,NA
1843,LMP744,MJ-III-65,397888,TOP1,DNA replication,GDSC2,SANGER,PubChem [ID Exchange]
1852,LY2109761,5XE,11655119,TGFB1,Other,GDSC2,SANGER,GDSC
119,Lapatinib,"Tykerb, Tyverb",208908,"EGFR, ERBB2",RTK signaling,GDSC1,MGH,GDSC
1558,Lapatinib,"Tykerb, Tyverb",208908,"EGFR, ERBB2",EGFR signaling,GDSC2,SANGER,GDSC
1578,Leflunomide,"Sulol, SU-101, HWA-486, Arava",3899,Pyrimidine synthesis inhibitor,DNA replication,GDSC2,SANGER,GDSC
1020,Lenalidomide,"CDC-501, CC-5013, Revlimid",216326,CRBN,Protein stability and degradation,GDSC1,SANGER,GDSC
1020,Lenalidomide,"CDC-501, CC-5013, Revlimid",216326,CRBN,Protein stability and degradation,GDSC2,SANGER,GDSC
1024,Lestaurtinib,"CEP-701, SP-924, SPM-924, A-154475, KT-555",126565,"FLT3, JAK2, NTRK1, NTRK2, NTRK3","Other, kinases",GDSC1,SANGER,GDSC
1024,Lestaurtinib,"CEP-701, SP-924, SPM-924, A-154475, KT-555",126565,"FLT3, JAK2, NTRK1, NTRK2, NTRK3","Other, kinases",GDSC2,SANGER,GDSC
277,Linifanib,"ABT-869, ABT 869",11485656,"VEGFR1, VEGFR2, VEGFR3, CSF1R, FLT3, KIT",RTK signaling,GDSC1,MGH,GDSC
185,Linsitinib,"OSI-906, ASP-7487",11640390,IGF1R,IGF1R signaling,GDSC1,MGH,GDSC
1510,Linsitinib,"OSI-906, ASP-7487",11640390,IGF1R,IGF1R signaling,GDSC2,SANGER,GDSC
194,Luminespib,"AUY922, VER-52296,NVP-AUY922,  AUY",135539077,HSP90,Protein stability and degradation,GDSC1,MGH,GDSC [Legacy CID 10096043]
1559,Luminespib,"AUY922, VER-52296,NVP-AUY922,  AUY",135539077,HSP90,Protein stability and degradation,GDSC2,SANGER,GDSC [Legacy CID 10096043]
1436,MCT1_6447,SN0177231247,NA,MCT1,Cell cycle,GDSC1,SANGER,NA
1437,MCT4_1422,SN1043999849,NA,MCT4,Other,GDSC1,SANGER,NA
9,MG-132,"LLL cpd, MG 132, MG132",462382,"Proteasome, CAPN1",Protein stability and degradation,GDSC1,MGH,GDSC
1862,MG-132,"LLL cpd, MG 132, MG132",462382,"Proteasome, CAPN1",Protein stability and degradation,GDSC2,SANGER,GDSC
446,MIM1,NA,135691163,MCL-1,Apoptosis regulation,GDSC1,MGH,PubChem [ID Exchange]
1996,MIM1,"MIM 1, MIM-1",135691163,MCL1,Apoptosis regulation,GDSC2,SANGER,PubChem [ID Exchange]
1931,MIRA-1,"MIRA 1, MIRA1, NSC19630, NSC-19630, NSC 19630",227681,TP53,p53 pathway,GDSC2,SANGER,GDSC
1179,MK-1775,"AZD1775, Adavosertib",24856436,"WEE1, PLK1",Cell cycle,GDSC2,SANGER,GDSC
1053,MK-2206,"MK 2206, MK2206",46930998,"AKT1, AKT2",PI3K/MTOR signaling,GDSC1,SANGER,GDSC
1053,MK-2206,"MK 2206, MK2206",46930998,"AKT1, AKT2",PI3K/MTOR signaling,GDSC2,SANGER,GDSC
2046,MK-8776,SCH900776,16224745,"CHEK1, CHEK2, CDK2",Cell cycle,GDSC2,SANGER,GDSC
1629,ML323,"GTPL7898, AOB2313,",60167849,"USP1, UAF1",Protein stability and degradation,GDSC2,SANGER,GDSC
1854,MN-64,NA,2802462,"TNKS1, TNKS2",WNT signaling,GDSC2,SANGER,GDSC
294,MPS-1-IN-1,NA,25195352,MPS1,Mitosis,GDSC1,MGH,GDSC
292,Masitinib,"AB1010, Masivet",10074640,"KIT, PDGFRA, PDGFRB",RTK signaling,GDSC1,MGH,GDSC
410,"MetAP2 Inhibitor, A832234",NA,53413272,MetAP2,Other,GDSC1,MGH,PubChem [ID Exchange]
1008,Methotrexate,"Abitrexate, Amethopterin, Rheumatrex, Trexall, Folex",126941,Antimetabolite,DNA replication,GDSC1,SANGER,GDSC
1008,Methotrexate,"Abitrexate, Amethopterin, Rheumatrex, Trexall, Folex",126941,Antimetabolite,DNA replication,GDSC2,SANGER,GDSC
153,Midostaurin,"PKC412, benzoylstaurosporine, CGP-41251",9829523,"PKC, PPK, FLT1, c-FGR, others",Other,GDSC1,MGH,PubChem [ID Exchange]
1048,Mirin,NA,137319711,MRE11,Genome integrity,GDSC1,SANGER,"WebChem [PubChem, ChemSpider]"
1048,Mirin,NA,137319711,MRE11,Genome integrity,GDSC2,SANGER,"WebChem [PubChem, ChemSpider]"
136,Mitomycin-C,"Mytozytrex, NSC-26980, MMC, Mitosol, Mitozytrex",5746,DNA crosslinker,DNA replication,GDSC1,MGH,GDSC
1810,Mitoxantrone,NA,4212,TOP2,DNA replication,GDSC2,SANGER,PubChem [ID Exchange]
1029,Motesanib,"AMG-706, AMG 706, AMG706",11667893,"VEGFR, RET, KIT, PDGFR",RTK signaling,GDSC1,SANGER,GDSC
1029,Motesanib,"AMG-706, AMG 706, AMG706",11667893,"VEGFR, RET, KIT, PDGFR",RTK signaling,GDSC2,SANGER,GDSC
2055,Mycophenolic acid,NA,446541,NA,Unclassified,GDSC2,SANGER,PubChem [ID Exchange]
2499,N-acetyl cysteine,NAC,12035,Metabolism,Metabolism,GDSC2,SANGER,PubChem [ID Exchange]
1251,N22899-6-C1,NA,NA,Peptidyl arginine deaminase (PAD),Unclassified,GDSC1,SANGER,NA
1252,N23918-95-7,NA,NA,JMJ histone demethylase,Chromatin histone methylation,GDSC1,SANGER,NA
1253,N24798-49-A1,NA,NA,JMJ histone demethylase,Chromatin histone methylation,GDSC1,SANGER,NA
1999,N25720-51-A1,NA,NA,NA,Unclassified,GDSC2,SANGER,NA
2000,N27922-53-1,NA,NA,NA,Unclassified,GDSC2,SANGER,NA
2003,N29087-69-1,NA,NA,NA,Unclassified,GDSC2,SANGER,NA
2002,N30652-18-1,NA,NA,NA,Unclassified,GDSC2,SANGER,NA
260,NG-25,NG25,53340664,"TAK1, M4K2","Other, kinases",GDSC1,MGH,GDSC
1167,NG-25,NA,53340664,TAK1,Unclassified,GDSC1,SANGER,PubChem [ID Exchange]
257,NPK76-II-72-1,NA,46843648,PLK3,Cell cycle,GDSC1,MGH,HMS-LINCS
269,NSC-207895,"XI-006, NSC207895",42640,MDM4,p53 pathway,GDSC1,MGH,GDSC
147,NSC-87877,NSC 87877,92577,"SHP-1 (PTPN6), SHP-2 (PTPN11)",Other,GDSC1,MGH,GDSC [Legacy CID 5459322]
461,NSC319726,NA,5351307,P53 Mut specific,p53 pathway,GDSC1,MGH,PubChem [ID Exchange]
1038,NU7441,"KU-57788, NU-7432, NU-7741",11327430,DNAPK,Genome integrity,GDSC1,SANGER,GDSC
1038,NU7441,"KU-57788, NU-7432, NU-7741",11327430,DNAPK,Genome integrity,GDSC2,SANGER,GDSC
1932,NVP-ADW742,"NVP ADW742, NVPADW742",9825149,IGF1R,IGF1R signaling,GDSC2,SANGER,GDSC
295,NVP-BHG712,BHG712,16747388,"EPHB4, RAF, SRC, ABL","Other, kinases",GDSC1,MGH,GDSC
35,NVP-TAE684,"NVP-TAE 684, TAE684, TAE-684",16038120,ALK,RTK signaling,GDSC1,MGH,GDSC
1011,Navitoclax,"ABT-263, ABT263, ABT 263",24978538,"BCL2, BCL-XL, BCL-W",Apoptosis regulation,GDSC1,SANGER,GDSC
1011,Navitoclax,"ABT-263, ABT263, ABT 263",24978538,"BCL2, BCL-XL, BCL-W",Apoptosis regulation,GDSC2,SANGER,GDSC
1814,Nelarabine,"Atriance, Arranon",3011155,NA,DNA replication,GDSC2,SANGER,PubChem [ID Exchange]
1013,Nilotinib,"Tasigna, AMN 107",644241,ABL,ABL signaling,GDSC1,SANGER,GDSC
1013,Nilotinib,"Tasigna, AMN 107",644241,ABL,ABL signaling,GDSC2,SANGER,GDSC
1177,Niraparib,"MK-4827, MK4827",24958200,"PARP1, PARP2",Genome integrity,GDSC2,SANGER,GDSC
1047,Nutlin-3a (-),NA,11433190,MDM2,p53 pathway,GDSC1,SANGER,GDSC
1047,Nutlin-3a (-),NA,11433190,MDM2,p53 pathway,GDSC2,SANGER,GDSC
1853,OF-1,NA,35397514,"BRPF1B, BRPF2",Chromatin histone acetylation,GDSC2,SANGER,GDSC
299,OSI-027,A-1065-5,135398516,"MTORC1, MTORC2",PI3K/MTOR signaling,GDSC1,MGH,GDSC [Legacy CID 44224160]
1594,OSI-027,A-1065-5,135398516,"MTORC1, MTORC2",PI3K/MTOR signaling,GDSC2,SANGER,GDSC [Legacy CID 44224160]
298,OSI-930,OSI 930 OSI930,9868037,"KIT, VEGFR2",RTK signaling,GDSC1,MGH,GDSC
167,OSU-03012,"AR-12, OSU 03012, OSU03012, PDK1 inhibitor AR-12",10027278,PDK1 (PDPK1),Metabolism,GDSC1,MGH,GDSC
1626,OTX015,"Birabresib, OTX-015, MK-8628",9936746,"BRD2, BRD3, BRD4",Chromatin other,GDSC2,SANGER,GDSC
182,Obatoclax Mesylate,"GX15-070MS, Obatoclax, GX15-070",11404337,"BCL2, BCL-XL, BCL-W, MCL1",Apoptosis regulation,GDSC1,MGH,GDSC
1068,Obatoclax Mesylate,"GX15-070MS, Obatoclax, GX15-070",11404337,"BCL2, BCL-XL, BCL-W, MCL1",Apoptosis regulation,GDSC2,SANGER,GDSC
1017,Olaparib,"AZD2281, KU0059436,  Lynparza",23725625,"PARP1, PARP2",Genome integrity,GDSC1,SANGER,GDSC
1495,Olaparib,"AZD2281, KU0059436,  Lynparza",23725625,"PARP1, PARP2",Genome integrity,GDSC1,SANGER,GDSC
1017,Olaparib,"AZD2281, KU0059436,  Lynparza",23725625,"PARP1, PARP2",Genome integrity,GDSC2,SANGER,GDSC
283,Omipalisib,"GSK2126458, GSK-2126458, EX-8678, GSK458",25167777,"PI3K (class 1), MTORC1, MTORC2",PI3K/MTOR signaling,GDSC1,MGH,GDSC
1919,Osimertinib,"AZD9291, AZD 9291, AZD-9291, Tagrisso, Mereletinib",71496458,EGFR,EGFR signaling,GDSC2,SANGER,GDSC
1089,Oxaliplatin,Eloxatin,5310940,DNA alkylating agent,DNA replication,GDSC2,SANGER,GDSC
1806,Oxaliplatin,NA,5310940,DNA alkylating agent,DNA replication,GDSC2,SANGER,GDSC
1933,P22077,"P 22077, P-22077",46931953,"USP7, USP47",Protein stability and degradation,GDSC2,SANGER,GDSC
175,PAC-1,GTPL5238,135421197,"Procaspase-3, Procaspase-7",Apoptosis regulation,GDSC1,MGH,GDSC [Legacy CID 6753378]
1730,PAK_5339,"SN1046290829, PAK_5339",NA,"PAK1, PAK2",Cytoskeleton,GDSC2,SANGER,NA
1459,PARP_0108,SN1044053371,NA,"PARP1, PARP2, PARP6",Genome integrity,GDSC1,SANGER,NA
1460,PARP_9482,SN1031920820,NA,"PARP1, PARP2, PARP5a",Genome integrity,GDSC1,SANGER,NA
1458,PARP_9495,SN1024601395,NA,"PARP1, PARP2, PARP7",Genome integrity,GDSC1,SANGER,NA
2145,PBD-288,NA,NA,NA,Unclassified,GDSC2,SANGER,NA
1621,PCI-34051,AK298746,24753719,"HDAC8, HDAC6, HDAC1",Chromatin histone acetylation,GDSC2,SANGER,GDSC
1060,PD0325901,"PD-0325901, PD 0325901",9826528,"MEK1, MEK2",ERK MAPK signaling,GDSC1,SANGER,GDSC
1060,PD0325901,"PD-0325901, PD 0325901",9826528,"MEK1, MEK2",ERK MAPK signaling,GDSC2,SANGER,GDSC
1049,PD173074,"PD-173074, PD 173074",1401,"FGFR1, FGFR2, FGFR3",RTK signaling,GDSC1,SANGER,GDSC
1049,PD173074,"PD-173074, PD 173074",1401,"FGFR1, FGFR2, FGFR3",RTK signaling,GDSC2,SANGER,GDSC
363,PF-00299804,NA,11511120,"EGFR, ERBB2, ERBB4",RTK signaling,GDSC1,MGH,PubChem [ID Exchange]
1129,PF-4708671,"PF 4708671, PF4708671",51371303,S6K1,PI3K/MTOR signaling,GDSC1,SANGER,GDSC
1129,PF-4708671,"PF 4708671, PF4708671",51371303,S6K1,PI3K/MTOR signaling,GDSC2,SANGER,GDSC
158,PF-562271,PF-00562271,11713159,"FAK, FAK2",Cytoskeleton,GDSC1,MGH,GDSC
1219,PFI-1,NA,71271629,BRD4,Chromatin other,GDSC1,SANGER,GDSC
2173,PFI-1,NA,71271629,BRD4,Chromatin other,GDSC2,SANGER,GDSC
1530,PFI-3,BDF00016096,78243717,"PB1, SMARCA4, SMARCA2",Chromatin other,GDSC1,SANGER,GDSC
1620,PFI3,"PFI-3, PFI 3, AOB2221",78243717,"Polybromo 1, SMARCA4, SMARCA2",Chromatin other,GDSC2,SANGER,GDSC
6,PHA-665752,"PHA665752, PHA 665752",10461815,MET,RTK signaling,GDSC1,MGH,GDSC
301,PHA-793887,"PHA793887, PHA 793887",46191454,"CDK2, CDK7, CDK5",Cell cycle,GDSC1,MGH,GDSC
302,PI-103,"PI-103, PI103, PI 103",9884685,"PI3Kalpha, DAPK3, CLK4, PIM3, HIPK2","Other, kinases",GDSC1,MGH,GDSC
1446,PI3Ka_4409,SN1037097676,NA,"PI3Kalpha, PI3Kdelta",PI3K/MTOR signaling,GDSC1,SANGER,NA
303,PIK-93,"PIK 93, PIK93",6852167,PK3CG,PI3K/MTOR signaling,GDSC1,MGH,GDSC
1451,PLK_6522,SN1077317349,NA,"PLK1, PLK2, PLK3",Cell cycle,GDSC1,SANGER,NA
1036,PLX-4720,"PLX4720, PLX 4720",24180719,BRAF,ERK MAPK signaling,GDSC1,SANGER,GDSC
1371,PLX-4720,"PLX4720, PLX 4720",24180719,BRAF,ERK MAPK signaling,GDSC1,SANGER,GDSC
1036,PLX-4720,"PLX4720, PLX 4720",24180719,BRAF,ERK MAPK signaling,GDSC2,SANGER,GDSC
2148,POMHEX,NA,122540908,NA,Unclassified,GDSC2,SANGER,PubChem [ID Exchange]
1131,PRIMA-1MET,"Prima 1MET, APR-246",52918385,TP53 activation,p53 pathway,GDSC2,SANGER,GDSC
1631,PRT062607,"P505-15, PRT-2607, BIIB-057",44462758,SYK,"Other, kinases",GDSC2,SANGER,GDSC
11,Paclitaxel,"BMS-181339-01, Taxol, Onxol, Paxene, Praxel, Abraxane",36314,Microtubule stabiliser,Mitosis,GDSC1,MGH,GDSC
1080,Paclitaxel,"BMS-181339-01, Taxol, Onxol, Paxene, Praxel, Abraxane",36314,Microtubule stabiliser,Mitosis,GDSC2,SANGER,GDSC
1054,Palbociclib,"PD0332991, PD-0332991, PF-00080665-73",5330286,"CDK4, CDK6",Cell cycle,GDSC1,SANGER,GDSC
1054,Palbociclib,"PD0332991, PD-0332991, PF-00080665-73",5330286,"CDK4, CDK6",Cell cycle,GDSC2,SANGER,GDSC
438,Panobinostat,"Farydak, LBH589",6918837,HDAC,Chromatin histone acetylation,GDSC1,MGH,PubChem [ID Exchange]
89,Parthenolide,NA,7251185,HDAC1,Chromatin histone acetylation,GDSC1,MGH,GDSC
199,Pazopanib,Votrient,10113978,"CSF1R, KIT,  PDGFRA, PDGFRB",RTK signaling,GDSC1,MGH,GDSC
282,Pelitinib,"EKB-569, EKB 569",6445562,EGFR,EGFR signaling,GDSC1,MGH,GDSC
428,Pemetrexed,NA,135410875,TYMS,DNA replication,GDSC1,MGH,PubChem [ID Exchange]
1529,Pevonedistat,"MLN4924, MLN 4924, MLN-4924",16720766,NAE,Other,GDSC1,SANGER,GDSC
1529,Pevonedistat,"MLN4924, MLN 4924, MLN-4924",16720766,NAE,Other,GDSC2,SANGER,GDSC
196,Phenformin,DBI,8249,Biguanide agent,Other,GDSC1,MGH,GDSC
1635,Picolinici-acid,Picolinate,1018,Inflammatory related,Other,GDSC2,SANGER,GDSC
1058,Pictilisib,"GDC-0941, GDC0941, RG-7621",17755052,PI3K (class 1),PI3K/MTOR signaling,GDSC1,SANGER,GDSC
1527,Pictilisib,"GDC-0941, GDC0941, RG-7621",17755052,PI3K (class 1),PI3K/MTOR signaling,GDSC1,SANGER,GDSC
1058,Pictilisib,"GDC-0941, GDC0941, RG-7621",17755052,PI3K (class 1),PI3K/MTOR signaling,GDSC2,SANGER,GDSC
372,Pilaralisib,XL-147,56599306,PI3K,PI3K/MTOR signaling,GDSC1,MGH,PubChem [ID Exchange]
1243,Piperlongumine,Piplartine,637858,Induces reactive oxygen species,Other,GDSC1,SANGER,GDSC
1243,Piperlongumine,Piplartine,637858,Induces reactive oxygen species,Other,GDSC2,SANGER,GDSC
1825,Podophyllotoxin bromide,NA,234820,NA,Unclassified,GDSC2,SANGER,PubChem [ID Exchange]
155,Ponatinib,"AP24534, AP-24534, KIN001-192, Iclusig",24826799,"ABL, PDGFRA, VEGFR2, FGFR1, SRC, TIE2, FLT3","Other, kinases",GDSC1,MGH,GDSC
2044,Pyridostatin,NA,25227847,G-quadruplex stabiliser,DNA replication,GDSC2,SANGER,GDSC
71,Pyrimethamine,"Daraprim, Chloridine",4993,Dihydrofolate reductase (DHFR),Other,GDSC1,MGH,GDSC
1166,QL-VIII-58,NA,58525121,"MTOR, ATR",Other,GDSC1,SANGER,HMS-LINCS
331,QL-X-138,NA,73707530,BTK,"Other, kinases",GDSC1,MGH,PubChem [ID Exchange]
329,QL-XI-92,NA,73265214,DDR1,Cytoskeleton,GDSC1,MGH,HMS-LINCS
235,QL-XII-47,NA,71748056,"BTK, BMX","Other, kinases",GDSC1,MGH,HMS-LINCS
1155,QL-XII-47,NA,71748056,IRAK1,"Other, kinases",GDSC1,SANGER,HMS-LINCS
1203,QL-XII-61,NA,71576693,"BMX, BTK","Other, kinases",GDSC1,SANGER,HMS-LINCS
151,QS11,944328-88-5,4263900,ARFGAP1,Other,GDSC1,MGH,GDSC
254,Quizartinib,"AC220, AC 220, AC-220, Asp-2689",24889392,FLT3,RTK signaling,GDSC1,MGH,GDSC
1453,RAF_9304,SN1034259943,NA,"ARAF, BRAF, CRAF",ERK MAPK signaling,GDSC1,SANGER,NA
1052,RO-3306,NA,135400873,CDK1,Cell cycle,GDSC1,SANGER,GDSC [Legacy CID 44450571]
1052,RO-3306,NA,135400873,CDK1,Cell cycle,GDSC2,SANGER,GDSC [Legacy CID 44450571]
576,RU-SKI 43,NA,46006640,Shh,Other,GDSC1,MGH,PubChem [ID Exchange]
1625,RVX-208,"1044870-39-4, Apabetalone",135564749,BRD4,Chromatin other,GDSC2,SANGER,GDSC [Legacy CID 24871506]
3,Rapamycin,"AY-22989, Sirolimus, WY-090217, Torisel, Rapamune",5284616,MTORC1,PI3K/MTOR signaling,GDSC1,MGH,GDSC [Legacy CID 5384616]
1084,Rapamycin,"AY-22989, Sirolimus, WY-090217, Torisel, Rapamune",5284616,MTORC1,PI3K/MTOR signaling,GDSC2,SANGER,GDSC [Legacy CID 5384616]
1014,Refametinib,"RDEA119, BAY-86-9766, BAY 869766",44182295,"MEK1, MEK2",ERK MAPK signaling,GDSC1,SANGER,GDSC
1526,Refametinib,"RDEA119, BAY-86-9766, BAY 869766",44182295,"MEK1, MEK2",ERK MAPK signaling,GDSC1,SANGER,GDSC
1014,Refametinib,"RDEA119, BAY-86-9766, BAY 869766",44182295,"MEK1, MEK2",ERK MAPK signaling,GDSC2,SANGER,GDSC
2057,Remodelin,NA,44442376,NA,Unclassified,GDSC2,SANGER,PubChem [ID Exchange]
1632,Ribociclib,"LEE011, NVP-LEE011, LEE011-BBA",44631912,"CDK4, CDK6",Cell cycle,GDSC2,SANGER,GDSC
1817,Romidepsin,"Istodax, FK228, Depsipeptide",5352062,"HDAC1, HDAC2, HDAC3, HDAC8",Chromatin histone acetylation,GDSC2,SANGER,PubChem [ID Exchange]
1175,Rucaparib,"PF-01367338, AG-014699, AG-14447, AG-14699",9931953,"PARP1, PARP2",Genome integrity,GDSC1,SANGER,GDSC
1175,Rucaparib,"PF-01367338, AG-014699, AG-14447, AG-14699",9931953,"PARP1, PARP2",Genome integrity,GDSC2,SANGER,GDSC
206,Ruxolitinib,"INCB-18424, Ruxolitinib Phosphate, Jakafi",25126798,"JAK1, JAK2","Other, kinases",GDSC1,MGH,GDSC
1507,Ruxolitinib,"INCB-18424, Ruxolitinib Phosphate, Jakafi",25126798,"JAK1, JAK2","Other, kinases",GDSC2,SANGER,GDSC
41,S-Trityl-L-cysteine,"NSC 83265, Tritylcysteine",76044,KIF11,Mitosis,GDSC1,MGH,GDSC
1025,SB216763,"SB-216763, SB 216763",176158,"GSK3A, GSK3B",WNT signaling,GDSC1,SANGER,GDSC
1025,SB216763,"SB-216763, SB 216763",176158,"GSK3A, GSK3B",WNT signaling,GDSC2,SANGER,GDSC
476,SB505124,"SB 505124, SB505124",9858940,"TGFBR1, ACVR1B, ACVR1C",RTK signaling,GDSC1,MGH,PubChem [ID Exchange]
1194,SB505124,"SB 505124, SB505124",9858940,"TGFBR1, ACVR1B, ACVR1C",RTK signaling,GDSC1,SANGER,GDSC
1194,SB505124,"SB 505124, SB505124",9858940,"TGFBR1, ACVR1B, ACVR1C",RTK signaling,GDSC2,SANGER,GDSC
304,SB52334,"SB-52334, SB 52334",9967941,ALK5,RTK signaling,GDSC1,MGH,GDSC
1061,SB590885,SB-590885,135421339,BRAF,ERK MAPK signaling,GDSC1,SANGER,GDSC [Legacy CID 11316960]
1061,SB590885,SB-590885,135421339,BRAF,ERK MAPK signaling,GDSC2,SANGER,GDSC [Legacy CID 11316960]
1564,SCH772984,CS-1421,24866313,"ERK1, ERK2",ERK MAPK signaling,GDSC2,SANGER,GDSC
1582,SGC-CBP30,"8-(3-chloro-4-methoxy-phenethyl)-4-(3,5-dimethyl-isoxazol-4-yl)-9-(2-(morpholin-4-yl)-propyl)-7,9-diaza-bicyclo[4.3.0]nona-1(6),2,4,7-tetraene",72201027,"EP300, CBP",Chromatin histone acetylation,GDSC2,SANGER,PubChem [ID Exchange]
1264,SGC0946,NA,56962337,DOT1L,Chromatin histone methylation,GDSC1,SANGER,GDSC
2177,SGC0946,NA,56962337,DOT1L,Chromatin histone methylation,GDSC2,SANGER,GDSC
1039,SL0101,"SL-0101, SL 0101-1",10459196,"RSK, AURKB, PIM1, PIM3","Other, kinases",GDSC1,SANGER,GDSC
1039,SL0101,"SL-0101, SL 0101-1",10459196,"RSK, AURKB, PIM1, PIM3","Other, kinases",GDSC2,SANGER,GDSC
1490,SN-38,SN1095903706,104842,TOP1,DNA replication,GDSC1,SANGER,PubChem [ID Exchange]
1494,SN-38,"7-Ethyl-10-Hydroxy-Camptothecin, SN 38",104842,TOP1,DNA replication,GDSC1,SANGER,GDSC
1494,SN-38,"7-Ethyl-10-Hydroxy-Camptothecin, SN 38",104842,TOP1,DNA replication,GDSC2,SANGER,GDSC
328,SNX-2112,SNX 2112,24772860,HSP90,Protein stability and degradation,GDSC1,MGH,GDSC
258,STF-62247,STF62247,704473,Autophagy inducer,Other,GDSC1,MGH,GDSC
285,SU11274,NA,9549297,MET,RTK signaling,GDSC1,MGH,PubChem [ID Exchange]
1849,Sabutoclax,BI-97C1,46236925,"BCL2,  BCL-XL,  BFL1, MCL1",Apoptosis regulation,GDSC2,SANGER,GDSC
111,Salubrinal,EIF-2alpha Inhibitor,5717801,EIF2A,Other,GDSC1,MGH,GDSC
1549,Sapitinib,AZD8931,11488320,"EGFR, ERBB2, ERBB3",EGFR signaling,GDSC2,SANGER,GDSC
38,Saracatinib,"AZD0530, AZD-0530, AZ-10353926",10302451,"ABL, SRC","Other, kinases",GDSC1,MGH,GDSC
1936,Savolitinib,"AZD6094, Volitinib, AZD-6094, AZD 6094",68289010,MET,RTK signaling,GDSC2,SANGER,GDSC
1845,Schweinfurthin A,NA,643462,NA,Unclassified,GDSC2,SANGER,PubChem [ID Exchange]
110,Seliciclib,"Roscovitine, CYC-202, AL-39256",160355,"CDK2, CDK7, CDK9",Cell cycle,GDSC1,MGH,GDSC
341,Selisistat,"EX-527, EX 527",5113032,SIRT1,Chromatin histone acetylation,GDSC1,MGH,GDSC
1062,Selumetinib,"AZD6244, AZD-6244, ARRY-886",10127622,"MEK1, MEK2",ERK MAPK signaling,GDSC1,SANGER,GDSC
1498,Selumetinib,"AZD6244, AZD-6244, ARRY-886",10127622,"MEK1, MEK2",ERK MAPK signaling,GDSC1,SANGER,GDSC
1062,Selumetinib,"AZD6244, AZD-6244, ARRY-886",10127622,"MEK1, MEK2",ERK MAPK signaling,GDSC2,SANGER,GDSC
1736,Selumetinib,"SN1103949345, AZD1480",10127622,"MEK1, MEK2",ERK MAPK signaling,GDSC2,SANGER,PubChem [ID Exchange]
268,Sepantronium bromide,"YM155, YM-155, YM 155",11178236,BIRC5,Apoptosis regulation,GDSC1,MGH,GDSC
1941,Sepantronium bromide,"YM155, YM-155, YM 155",11178236,BIRC5,Apoptosis regulation,GDSC2,SANGER,GDSC
1133,Serdemetan,JNJ-26854165,11609586,MDM2,p53 pathway,GDSC1,SANGER,GDSC
1133,Serdemetan,JNJ-26854165,11609586,MDM2,p53 pathway,GDSC2,SANGER,GDSC
170,Shikonin,Anchusin,5208,not defined,Other,GDSC1,MGH,GDSC
1838,Sinularin,NA,5477029,NA,Unclassified,GDSC2,SANGER,PubChem [ID Exchange]
30,Sorafenib,"Nexavar, 284461-73-0, BAY 43-9006",216239,"PDGFR, KIT, VEGFR, RAF",RTK signaling,GDSC1,MGH,GDSC
1085,Sorafenib,"Nexavar, 284461-73-0, BAY 43-9006",216239,"PDGFR, KIT, VEGFR, RAF","Other, kinases",GDSC2,SANGER,GDSC
408,Sphingosine Kinase 1 Inhibitor II,PF-543,66577038,Sphingosine Kinase,"Other, kinases",GDSC1,MGH,PubChem [ID Exchange]
1034,Staurosporine,NA,44259,Broad spectrum kinase inhibitor,RTK signaling,GDSC2,SANGER,PubChem [ID Exchange]
5,Sunitinib,"Sutent, Sunitinib Malate, SU-11248",5329102,"PDGFR, KIT, VEGFR, FLT3, RET, CSF1R",RTK signaling,GDSC1,MGH,GDSC
333,T0901317,"TO-901317, TO901317",447912,"LXR, FXR",Other,GDSC1,MGH,GDSC
1732,TAF1_5496,"SN1050393042, TAF1_5496",NA,TAF1,Other,GDSC2,SANGER,NA
221,TAK-715,"KIN001-201, TAK 715",9952773,"p38alpha, p38beta",JNK and p38 signaling,GDSC1,MGH,GDSC
1461,TANK_1366,SN1032446568,NA,"Tankyrase 1/2 (PARP5a, PARP5b)",Genome integrity,GDSC1,SANGER,NA
94,TGX221,"TGX-221, Tgx 221",9907093,PI3Kbeta,PI3K/MTOR signaling,GDSC1,MGH,GDSC
2360,THR-101,WIMM synthesis,NA,Mutant RAS,PI3K/MTOR signaling,GDSC2,SANGER,NA
2361,THR-102,WIMM synthesis,NA,Mutant RAS,PI3K/MTOR signaling,GDSC2,SANGER,NA
2362,THR-103,WIMM synthesis,NA,Mutant RAS,PI3K/MTOR signaling,GDSC2,SANGER,NA
1145,THZ-1-87,NA,NA,"BTK, BMX","Other, kinases",GDSC1,SANGER,NA
346,THZ-2-102-1,NA,NA,CDK7,Cell cycle,GDSC1,MGH,NA
344,THZ-2-49,NA,NA,CDK9,Cell cycle,GDSC1,MGH,NA
1165,THZ-2-98-01,NA,NA,IRAK1,Unclassified,GDSC1,SANGER,NA
261,TL-1-85,NA,NA,"TAK1, MAP4K2","Other, kinases",GDSC1,MGH,NA
211,TL-2-105,NA,NA,not defined,Other,GDSC1,MGH,NA
305,TPCA-1,NA,9903786,IKK2,"Other, kinases",GDSC1,MGH,GDSC
1464,TTK_3146,SN1080714093,NA,TTK,Mitosis,GDSC1,SANGER,NA
1149,TW 37,"TW37, TW-37",11455910,"BCL2, BCL-XL, MCL1",Apoptosis regulation,GDSC1,SANGER,GDSC
1149,TW 37,"TW37, TW-37",11455910,"BCL2, BCL-XL, MCL1",Apoptosis regulation,GDSC2,SANGER,GDSC
366,TWS119,NA,9549289,GSK3,WNT signaling,GDSC1,MGH,PubChem [ID Exchange]
1259,Talazoparib,"BMN-673, BMN 973",135565082,"PARP1, PARP2",Genome integrity,GDSC1,SANGER,GDSC [Legacy CID 44819241]
1259,Talazoparib,"BMN-673, BMN 973",135565082,"PARP1, PARP2",Genome integrity,GDSC2,SANGER,GDSC [Legacy CID 44819241]
1199,Tamoxifen,"Nolvadex, Soltamox, Zynoplex, ICI-46474, Kessar",2733526,ESR1,Hormone-related,GDSC1,SANGER,GDSC
1199,Tamoxifen,"Nolvadex, Soltamox, Zynoplex, ICI-46474, Kessar",2733526,ESR1,Hormone-related,GDSC2,SANGER,GDSC
1026,Tanespimycin,"17-AAG, BMS-722782",6505803,HSP90,Protein stability and degradation,GDSC1,SANGER,GDSC
1026,Tanespimycin,"17-AAG, BMS-722782",6505803,HSP90,Protein stability and degradation,GDSC2,SANGER,GDSC
1561,Taselisib,"GDC-0032, GDC0032, RG7604",51001932,PI3K (beta sparing),PI3K/MTOR signaling,GDSC2,SANGER,GDSC
1930,Telomerase Inhibitor IX,"MST-312, MST 312, MST312",10385095,Telomerase,Genome integrity,GDSC2,SANGER,GDSC
1375,Temozolomide,"Temodar, Temodal, M-39831, SCH 52365",5394,DNA alkylating agent,DNA replication,GDSC1,SANGER,GDSC
1375,Temozolomide,"Temodar, Temodal, M-39831, SCH 52365",5394,DNA alkylating agent,DNA replication,GDSC2,SANGER,GDSC
1016,Temsirolimus,"CCI-779, Torisel",6918289,MTOR,PI3K/MTOR signaling,GDSC1,SANGER,GDSC
1016,Temsirolimus,"CCI-779, Torisel",6918289,MTOR,PI3K/MTOR signaling,GDSC2,SANGER,GDSC
1809,Teniposide,Vumon,452548,NA,DNA replication,GDSC2,SANGER,PubChem [ID Exchange]
342,Tenovin-6,NA,24772043,SIRT,Chromatin histone acetylation,GDSC1,MGH,PubChem [ID Exchange]
180,Thapsigargin,Octanoic acid,446378,SERCA,Other,GDSC1,MGH,GDSC
204,Tipifarnib,Zarnestra,159324,Farnesyl-transferase (FNTA),Other,GDSC1,MGH,GDSC
312,Tivozanib,"AV-951, AV 951, KRN-951, KIL8951, ASP-4130",9911830,"VEGFR1, VEGFR2, VEGFR3, PDGFR, KIT",RTK signaling,GDSC1,MGH,GDSC
1808,Topotecan,NA,60700,TOP1,DNA replication,GDSC2,SANGER,PubChem [ID Exchange]
371,Torin 2,NA,51358113,mTOR,PI3K/MTOR signaling,GDSC1,MGH,PubChem [ID Exchange]
32,Tozasertib,"MK 0457,MK-0457,MK-045, VX-680 VX 680 VX-68",5494449,"AURKA, AURKB, AURKC, others",Mitosis,GDSC1,MGH,GDSC
1096,Tozasertib,"MK 0457,MK-0457,MK-045, VX-680 VX 680 VX-68",5494449,"AURKA, AURKB, AURKC, others",Mitosis,GDSC2,SANGER,GDSC
1372,Trametinib,"GSK1120212, Mekinist",11707110,"MEK1, MEK2",ERK MAPK signaling,GDSC1,SANGER,GDSC
1372,Trametinib,"GSK1120212, Mekinist",11707110,"MEK1, MEK2",ERK MAPK signaling,GDSC2,SANGER,GDSC
1009,Tretinoin,"ATRA, Vesanoid, Renova, Atralin, Tretin-X, Avita",444795,Retinoic acid,Other,GDSC1,SANGER,GDSC
1009,Tretinoin,"ATRA, Vesanoid, Renova, Atralin, Tretin-X, Avita",444795,Retinoic acid,Other,GDSC2,SANGER,GDSC
437,Trichostatin A,NA,444732,HDAC,Chromatin histone acetylation,GDSC1,MGH,PubChem [ID Exchange]
265,Tubastatin A,NA,49850262,"HDAC1, HDAC6, HDAC8",Chromatin histone acetylation,GDSC1,MGH,GDSC [Legacy CID 53394750]
1733,ULK1_4989,"SN1049257073, ULK1_4989",NA,ULK1,"Other, kinases",GDSC2,SANGER,NA
1939,UMI-77,"UMI 77, UMI-77",992586,MCL1,Apoptosis regulation,GDSC2,SANGER,GDSC
2159,UNC0379,NA,78357767,SETD8,Chromatin histone methylation,GDSC2,SANGER,PubChem [ID Exchange]
245,UNC0638,"UNC-0638, UNC 0683",46224516,G9a and GLP methyltransferases,Chromatin histone methylation,GDSC1,MGH,GDSC
1236,UNC0638,"UNC-0638, UNC 0683",46224516,G9a and GLP methyltransferases,Chromatin histone methylation,GDSC1,SANGER,GDSC
2038,UNC0638,NA,46224516,"G9A, GLP",Chromatin histone methylation,GDSC2,SANGER,PubChem [ID Exchange]
1263,UNC0642,NA,53315878,"G9A, GLP",Chromatin histone methylation,GDSC1,SANGER,PubChem [ID Exchange]
1262,UNC1215,UNC-1215,57339144,L3MBTL3,Chromatin other,GDSC1,SANGER,GDSC
1908,Ulixertinib,"BVD-523, VRT752271",11719003,"ERK1, ERK2",ERK MAPK signaling,GDSC2,SANGER,GDSC
2047,Ulixertinib,"BVD-523, VRT752271",11719003,"ERK1, ERK2",ERK MAPK signaling,GDSC2,SANGER,GDSC
1553,Uprosertib,"GSK2141795, GSK2141795C, GSK-2141795",51042438,"AKT1, AKT2, AKT3",PI3K/MTOR signaling,GDSC2,SANGER,GDSC
2106,Uprosertib,"GSK2141795, GSK2141795C, GSK-2141795",51042438,"AKT1, AKT2, AKT3",PI3K/MTOR signaling,GDSC2,SANGER,GDSC
1613,VE-822,"VE 822, VE822, Berzosertib",59472121,ATR,Genome integrity,GDSC2,SANGER,GDSC
2111,VE821,"VE 821, VE-821",51000408,ATR,Genome integrity,GDSC2,SANGER,GDSC
271,VNLG/124,HDAC inhibitor XV,24894414,"HDAC,RAR",Chromatin histone acetylation,GDSC1,MGH,GDSC
1734,VSP34_8731,"SN1049998399, VSP34_8731",NA,VSP34,Other,GDSC2,SANGER,NA
2112,VTP-A,NA,NA,NA,Unclassified,GDSC2,SANGER,NA
2113,VTP-B,NA,NA,NA,Unclassified,GDSC2,SANGER,NA
262,VX-11e,"VX11e, VX11e",11634725,ERK2,ERK MAPK signaling,GDSC1,MGH,GDSC
2096,VX-11e,"VX11e, VX11e",11634725,ERK2,ERK MAPK signaling,GDSC2,SANGER,GDSC
1028,VX-702,"VX702, VX 702",10341154,p38,JNK and p38 signaling,GDSC1,SANGER,GDSC
1018,Veliparib,"ABT-888, ABT888, ABT 888",11960529,"PARP1, PARP2",Genome integrity,GDSC1,SANGER,GDSC
1018,Veliparib,"ABT-888, ABT888, ABT 888",11960529,"PARP1, PARP2",Genome integrity,GDSC2,SANGER,GDSC
1909,Venetoclax,"ABT-199, Veneclexta, GDC-0199",49846579,BCL2,Apoptosis regulation,GDSC2,SANGER,GDSC
412,Venotoclax,"ABT-199, Veneclexta, GDC-0199",49846579,BCL-2 selective,Apoptosis regulation,GDSC1,MGH,Manual Search
1004,Vinblastine,Velban,6710780,Microtubule destabiliser,Mitosis,GDSC1,SANGER,GDSC
1004,Vinblastine,Velban,6710780,Microtubule destabiliser,Mitosis,GDSC2,SANGER,GDSC
1818,Vincristine,NA,5978,NA,NA,GDSC2,SANGER,PubChem [ID Exchange]
140,Vinorelbine,"vinorelbine tartrate, Navelbine, Exelbine",5311497,Microtubule destabiliser,Mitosis,GDSC1,MGH,GDSC
2048,Vinorelbine,"vinorelbine tartrate, Navelbine, Exelbine",5311497,Microtubule destabiliser,Mitosis,GDSC2,SANGER,GDSC
1033,Vismodegib,"GDC0449, Erivedge",24776445,SMO,Other,GDSC1,SANGER,GDSC
1033,Vismodegib,"GDC0449, Erivedge",24776445,SMO,Other,GDSC2,SANGER,GDSC
1012,Vorinostat,"Zolinza, SAHA, suberanilohydroxamic acid, suberoylanilide hydroxamic acid, MK-0683",5311,"HDAC inhibitor Class I, IIa, IIb, IV",Chromatin histone acetylation,GDSC1,SANGER,GDSC
1012,Vorinostat,"Zolinza, SAHA, suberanilohydroxamic acid, suberoylanilide hydroxamic acid, MK-0683",5311,"HDAC inhibitor Class I, IIa, IIb, IV",Chromatin histone acetylation,GDSC2,SANGER,GDSC
375,Voxtalisib,"XL-765, SAR245409",16123056,"PI3K (class 1), DNAPK, MTOR",PI3K/MTOR signaling,GDSC1,MGH,PubChem [ID Exchange]
1997,WEHI-539,"WEHI539, WEHI-539",71297207,BCL-XL,Apoptosis regulation,GDSC2,SANGER,GDSC
56,WH-4-023,KIN001-112,11844351,"SRC, LCK","Other, kinases",GDSC1,MGH,GDSC
288,WHI-P97,"AC1L1GQE, KIN001-055",3796,JAK3,"Other, kinases",GDSC1,MGH,GDSC
1940,WIKI4,"WIKI-4, WIKI 4",2984337,"TNKS1, TNKS2",WNT signaling,GDSC2,SANGER,GDSC
317,WYE-125132,NA,25260757,mTOR,PI3K/MTOR signaling,GDSC1,MGH,PubChem [ID Exchange]
59,WZ-1-84,KIN001-123,49821040,BMX,"Other, kinases",GDSC1,MGH,GDSC
252,WZ3105,NA,42628507,"SRC, ROCK2, NTRK2, FLT3, IRAK1, others",Other,GDSC1,MGH,HMS-LINCS
1614,WZ4003,WZ 4003,72200024,"NUAK1, NUAK2","Other, kinases",GDSC2,SANGER,GDSC
1046,Wee1 Inhibitor,"681640, Wee1 Inhibitor",10384072,"WEE1, CHEK1",Cell cycle,GDSC1,SANGER,GDSC
1046,Wee1 Inhibitor,"681640, Wee1 Inhibitor",10384072,"WEE1, CHEK1",Cell cycle,GDSC2,SANGER,GDSC
574,Wnt-C59,NA,57519544,PORCN,WNT signaling,GDSC1,MGH,PubChem [ID Exchange]
1622,Wnt-C59,"AOB3540, AK161197",57519544,PORCN,WNT signaling,GDSC2,SANGER,GDSC
1268,XAV939,"NVP-XAV939, XAV-939, XAV 939",135418940,"TNKS1, TNKS2",WNT signaling,GDSC1,SANGER,GDSC [Legacy CID 2726824]
1268,XAV939,"NVP-XAV939, XAV-939, XAV 939",135418940,"TNKS1, TNKS2",WNT signaling,GDSC2,SANGER,GDSC [Legacy CID 2726824]
1157,XMD11-50,NA,46843906,"LRRK2, ERK5","Other, kinases",GDSC1,SANGER,HMS-LINCS
1158,XMD11-85h,NA,42628535,"LRRK2, ERK5","Other, kinases",GDSC1,SANGER,HMS-LINCS
330,XMD13-2,NA,68234129,MRCKB,Cytoskeleton,GDSC1,MGH,HMS-LINCS
253,XMD14-99,NA,73265211,"ALK, CDK7, LTK, others","Other, kinases",GDSC1,MGH,HMS-LINCS
332,XMD15-27,NA,NA,CAMK2,"Other, kinases",GDSC1,MGH,NA
106,XMD8-85,ERK5-IN-1,46844147,"ERK5, BET",Other,GDSC1,MGH,GDSC
1164,XMD8-92,XMD 8-92,46843772,ERK5,ERK MAPK signaling,GDSC1,SANGER,GDSC
309,Y-39983,NA,9810884,ROCK,Cytoskeleton,GDSC1,MGH,GDSC
1239,YK-4-279,YK 4-279,44632017,RNA helicase A,Other,GDSC1,SANGER,GDSC
1239,YK-4-279,YK 4-279,44632017,RNA helicase A,Other,GDSC2,SANGER,GDSC
310,YM201636,"YM-201636, YM 201636",9956222,PIKFYVE,PI3K/MTOR signaling,GDSC1,MGH,GDSC
45,Z-LLNle-CHO,"Z-L-Norleucine-CHO, Gamma-Secretase Inhibitor 1",16760646,gamma-secretase,Other,GDSC1,MGH,GDSC
1161,ZG-10,NA,57340680,JNK1,JNK and p38 signaling,GDSC1,SANGER,PubChem [ID Exchange]
1197,ZL049,[(diphenyltetramethylcyclopentadienyl)iridium(III)(2-phenylpyridine)(chloride)],NA,NA,Unclassified,GDSC1,SANGER,NA
1379,ZL109,NA,NA,DNA damage,Unclassified,GDSC1,SANGER,NA
1050,ZM447439,"ZM-447439, ZM 447439",9914412,"AURKA, AURKB",Mitosis,GDSC1,SANGER,GDSC
1050,ZM447439,"ZM-447439, ZM 447439",9914412,"AURKA, AURKB",Mitosis,GDSC2,SANGER,GDSC
223,ZSTK474,"KIN001-167, ZSTK-474, ZSTK 474",11647372,PI3K (class 1),PI3K/MTOR signaling,GDSC1,MGH,GDSC
266,Zibotentan,"ZD4054, ZD-4054",9910224,Endothelin-1 receptor (EDNRA),Other,GDSC1,MGH,GDSC
1802,Zoledronate,"Zoledronic acid, Zometa, Reclast",68740, ,Other,GDSC2,SANGER,PubChem [ID Exchange]
2498,alpha-lipoic acid,aLA,864,Metabolism,Metabolism,GDSC2,SANGER,PubChem [ID Exchange]
2438,ascorbate (vitamin C),back-up solution from YWKim,54670067,anti-oxidant proteins,Other,GDSC2,SANGER,Manual Search
409,"eEF2K Inhibitor, A-484954",NA,14998470,eEF2K,"Other, kinases",GDSC1,MGH,PubChem [ID Exchange]
2439,glutathione,"G6013, sigma",124886,anti-oxidant proteins,Other,GDSC2,SANGER,PubChem [ID Exchange]
407,kb NB 142-70,NA,45258277,PKD,"Other, kinases",GDSC1,MGH,PubChem [ID Exchange]
1261,rTRAIL,NA,NA,TRAIL receptor agonist,Apoptosis regulation,GDSC1,SANGER,NA
1202,torin2,NA,51358113,"MTOR, ATM, ATR, DNAPK",PI3K/MTOR signaling,GDSC1,SANGER,PubChem [ID Exchange]
